,city,latlng,radius,activityScore
0,Avenel,"40.578996,-74.27986999999997",2767.1822620683665,364
1,Bayonne,"40.666552,-74.11768000000002",5746.623154042347,409
2,Bloomfield,"40.803,-74.18895",4950.582998325825,429
3,Fairfield,"40.879049,-74.29378",5082.5818439405775,370
4,Boonton,"40.912798,-74.41516",2332.1122437645536,240
5,Caldwell,"40.848999,-74.27917",1637.5331768988597,208
6,Carteret,"40.582504,-74.22997",3393.612879965103,331
7,Cedar Grove,"40.855854,-74.22898",3285.915732561344,344
8,Cliffside Park,"40.82154,-73.98949",1802.437881894318,305
9,Clifton,"40.879699,-74.14263000000003",5556.104868291623,422
10,Cranford,"40.656302,-74.30371",3193.2190356253964,383
11,East Orange,"40.770933,-74.20589",3145.156452253667,409
12,Edgewater,"40.830733,-73.97334000000002",3290.376606018115,403
13,Essex Fells,"40.827499,-74.28090999999998",2060.393946571406,201
14,Fairview,"40.816737,-74.00081999999998",1398.3342791653952,260
15,Fanwood,"40.641852,-74.38533000000002",1803.3161851217812,253
16,Fort Lee,"40.849879,-73.97501",2924.6492471004576,390
17,Garfield,"40.879858,-74.10807",2403.45724467231,383
18,Garwood,"40.650802,-74.32351",1277.0475446186229,240
19,Glen Ridge,"40.80495,-74.2047",2672.523646831354,422
20,Harrison,"40.745951,-74.15509",1658.7825720612768,377
21,Hoboken,"40.744851,-74.03294",2049.8345983152108,396
22,North Arlington,"40.791895,-74.13254",2730.186409266771,390
23,Kearny,"40.763051,-74.13718",5676.218134623375,409
24,Kenilworth,"40.674652,-74.2908",2391.895711054546,383
25,Lake Hiawatha,"40.881149,-74.38112",2397.475556565193,299
26,Lincoln Park,"40.923233,-74.29375999999998",4501.346465550748,383
27,Linden,"40.63395300000001,-74.25339",5183.96322715638,403
28,Livingston,"40.788733,-74.32134",5305.056655343696,403
29,Maplewood,"40.728901,-74.26821",3344.009628993516,383
30,Millburn,"40.724168,-74.29913",4527.044192310666,403
31,Montclair,"40.81315,-74.21576",4701.459950249961,422
32,Verona,"40.832449,-74.24226999999998",2668.753131604774,377
33,Montville,"40.906152,-74.36742",7407.968607769428,390
34,Mountain Lakes,"40.892021,-74.44022",2756.617276061939,286
35,North Bergen,"40.7946,-74.01963",4773.384504820667,500
36,Orange,"40.7683,-74.23603",2614.11147982479,377
37,West Orange,"40.78865,-74.25541",5234.231162136696,448
38,Parsippany,"40.860149,-74.4171",9171.05578938648,468
39,Passaic,"40.857384,-74.12899",2911.4177259693643,396
40,Wallington,"40.852931,-74.10925",1594.5218893730516,377
41,Pine Brook,"40.871299,-74.34331",3448.4174973376153,299
42,Warren,"40.63365200000001,-74.5008",7211.067928656839,396
43,Plainfield,"40.620102,-74.42481",4385.353089618498,383
44,Port Reading,"40.569504,-74.24774000000002",2875.0862980463735,364
45,Rahway,"40.607103,-74.28099",2888.886951452616,370
46,Clark,"40.620336,-74.30934",4020.83852745399,390
47,Colonia,"40.591653,-74.31341",2786.495553053961,266
48,Roseland,"40.821799,-74.30476999999998",3027.696499624667,273
49,Watchung,"40.641207,-74.44369499999998",4399.7881415075835,377
50,Rutherford,"40.828922,-74.11064",3829.493884834554,390
51,Lyndhurst,"40.808416,-74.12111",4128.065373495599,390
52,Carlstadt,"40.836555,-74.08466",3934.1151042877486,403
53,East Rutherford,"40.830158,-74.09707",4446.780135846057,396
54,Moonachie,"40.841668,-74.059",2108.2029142461524,240
55,Wood Ridge,"40.847638,-74.08754",1834.9181773570713,312
56,Scotch Plains,"40.637152,-74.37493",5541.360365168176,383
57,Sewaren,"40.553971,-74.25938000000002",1773.4262270817849,247
58,Short Hills,"40.73915,-74.32749",3895.0127320637857,364
59,South Orange,"40.74765,-74.25881",2531.381366185182,370
60,South Plainfield,"40.580703,-74.41401",3943.4773538846944,364
61,Springfield,"40.701801,-74.32216",3512.668215361642,370
62,Towaco,"40.92241,-74.34625",4306.932050228311,266
63,Union,"40.695401,-74.26933000000002",4777.584487437869,396
64,Weehawken,"40.769796,-74.022351",1883.0397549504794,396
65,Union City,"40.767751,-74.0302",2222.270563831755,396
66,Vauxhall,"40.718401,-74.28416",1170.7704773310857,208
67,Westfield,"40.649202,-74.34567",4260.723791920516,396
68,Mountainside,"40.680301,-74.35601",3092.206380065065,331
69,West New York,"40.7895,-74.01223",1788.970357249068,383
70,Secaucus,"40.7885,-74.06",4183.471889416633,383
71,Woodbridge,"40.557104,-74.28316",8058.008135476713,396
72,Jersey City,"40.73276,-74.075485",7228.971209208923,481
73,Newark,"40.736101,-74.22509000000002",8657.0074223688,468
74,Belleville,"40.7935,-74.16144",2819.1871604486146,383
75,Nutley,"40.8196,-74.15876999999998",2890.3274736912545,377
76,Irvington,"40.725651,-74.23207",2777.7842810454404,383
77,Elizabeth,"40.669502,-74.19889",5913.285338241397,383
78,Roselle,"40.653502,-74.26058",2654.257089786262,370
79,Roselle Park,"40.66555200000001,-74.26768",1831.177270000845,221
80,Hillside,"40.695552,-74.22856",2634.108862905873,383
81,Allendale,"41.031505,-74.13409",2410.631666978715,240
82,Bloomingdale,"41.014497,-74.33021",4702.243249983698,390
83,Butler,"40.99313,-74.35893",2318.7453391878603,240
84,Elmwood Park,"40.905639,-74.1199",2482.1896116418193,370
85,Fair Lawn,"40.933943,-74.11671",3244.234570733526,390
86,Franklin,"41.11736,-74.58784",12555.543051273493,429
87,Franklin Lakes,"41.010433,-74.20846999999998",4966.619584768774,305
88,Glenwood,"41.232344,-74.48688",1781.5636695136475,52
89,Hamburg,"41.156187,-74.57094000000002",1640.1872001912816,91
90,Haskell,"41.026747,-74.29741999999997",2653.8353540463295,253
91,Hewitt,"41.173445,-74.37404000000002",8592.712195380189,357
92,Highland Lakes,"41.180137,-74.45489",3686.0192923999193,162
93,Ho Ho Kus,"41.001695,-74.10239",2165.4565877782484,260
94,Little Falls,"40.886628,-74.21405",3253.3169547060547,409
95,Mc Afee,"41.181052,-74.51796",4145.02221156306,234
96,Mahwah,"41.077102,-74.16147",8711.310069063591,403
97,Midland Park,"40.99312000000001,-74.14286",1866.9924165706814,253
98,Newfoundland,"41.045897,-74.43677",7645.989859177641,325
99,Oakland,"41.02888400000001,-74.23727",4965.963489642771,370
100,Oak Ridge,"41.029555,-74.5071",7769.160602995781,305
101,Ogdensburg,"41.080066,-74.5972",2340.0656819043306,58
102,Pequannock,"40.946748,-74.29575",3757.0866449031437,312
103,Pompton Lakes,"40.99948,-74.28806999999998",2997.43180111973,325
104,Pompton Plains,"40.964548,-74.29813",3249.908302744399,312
105,Ramsey,"41.058819,-74.14238",3327.104886220528,234
106,Ridgewood,"40.983997,-74.11438000000003",4194.720368043969,390
107,Glen Rock,"40.961109,-74.12576",2375.678839624651,364
108,Ringwood,"41.096095,-74.26012",8358.074868681257,357
109,Riverdale,"40.990032,-74.31023",2037.6653979359642,260
110,Saddle River,"41.054568,-74.09616",3233.2348179945725,234
111,Stockholm,"41.091254,-74.52081",7805.229589862373,318
112,Sussex,"41.229754,-74.60203",1063.0320573813597,6
113,Vernon,"41.193708,-74.5089",13406.818532873258,435
114,Waldwick,"41.013109,-74.12231",2623.4913728467136,266
115,Wanaque,"41.052958,-74.28236",4617.623919926242,286
116,Wayne,"40.94360800000001,-74.25004",8295.742368780036,435
117,West Milford,"41.102569,-74.37047",14184.108971380323,422
118,Wyckoff,"40.998583,-74.1671",3805.0436428597195,344
119,Paterson,"40.912198,-74.16863000000002",4376.238492773174,422
120,Hawthorne,"40.957498,-74.15626999999998",3041.31347575714,383
121,Haledon,"40.945198,-74.18285999999998",1780.6053238681695,234
122,Totowa,"41.011428,-74.304793",3273.8482989045465,351
123,Hackensack,"40.88867800000001,-74.0488",3550.306439928613,396
124,Bogota,"40.873876,-74.02769",1328.6624085078913,253
125,Hasbrouck Heights,"40.86289,-74.07506",2039.3722082624886,286
126,Leonia,"40.862685,-73.98550999999998",1925.4634297678858,370
127,South Hackensack,"40.863699,-74.04643",3915.93962266638,390
128,Maywood,"40.90503,-74.06279",1928.1308381886765,370
129,Teterboro,"40.853723,-74.05986999999998",1785.2780010250817,227
130,Alpine,"40.952814,-73.93064",5566.054580528382,409
131,Bergenfield,"40.923748,-73.99879",2300.160085109864,338
132,Closter,"40.971956,-73.96166",3206.594291987553,247
133,Cresskill,"40.942074,-73.96504",2434.3865330217727,273
134,Demarest,"40.955603,-73.96044",2264.351825918051,234
135,Dumont,"40.945173,-73.99342",1864.20713524027,260
136,Emerson,"40.97514,-74.02725",3008.551876409301,292
137,Englewood,"40.893343,-73.9758",3278.0016696711787,357
138,Englewood Cliffs,"40.883749,-73.95173",3134.78419892584,416
139,Harrington Park,"40.989357,-73.97958",2317.0273714748487,234
140,Haworth,"40.958573,-73.98659",2397.5909408428433,260
141,Hillsdale,"41.007389,-74.04247",2862.140421739061,292
142,Little Ferry,"40.850621,-74.04111999999998",2016.6773276281854,273
143,Lodi,"40.877999,-74.08265",2368.523110352118,383
144,Montvale,"41.048997,-74.04052",3445.9031118668527,286
145,New Milford,"40.936211,-74.0188",2513.1520442542023,344
146,Northvale,"41.009414,-73.94849",1890.501190383023,201
147,Norwood,"40.994442,-73.95586",2693.156272833689,247
148,Oradell,"40.953126,-74.03379",2694.6903307288753,299
149,Palisades Park,"40.845742,-73.99479000000002",1722.37223736268,338
150,Paramus,"40.947107,-74.07047",4797.711222909297,396
151,Park Ridge,"41.034672,-74.04065",2675.674307483712,299
152,Ridgefield,"40.832421,-74.00399",2735.943288217407,357
153,Ridgefield Park,"40.856749,-74.02278000000003",2119.3811870181926,377
154,River Edge,"40.927579,-74.03739",2202.638178236608,318
155,Rochelle Park,"40.906553,-74.07797",1813.5984893323805,318
156,Saddle Brook,"40.904131,-74.09474",2502.8718677079532,370
157,Teaneck,"40.890964,-74.01115",3815.124605814995,403
158,Tenafly,"40.92169000000001,-73.96481999999997",3597.1496267624093,390
159,Westwood,"40.99904,-74.03291",2608.405416036077,292
160,Township Of Washington,"40.989508,-74.061302",2520.836980715193,279
161,Woodcliff Lake,"41.025101,-74.059762",3309.567268459167,240
162,Red Bank,"40.352953,-74.07703000000002",2306.21144215033,292
163,Shrewsbury,"40.329128,-74.06315",2080.1210739834482,240
164,Fort Monmouth,"40.30912100000001,-74.0486",1333.271308792792,156
165,Fair Haven,"40.360581,-74.03738",2275.183377350494,214
166,Adelphia,"40.302718,-74.24928",2223.043910841976,136
167,Allenhurst,"40.236916,-74.0069",807.8595492210965,65
168,Asbury Park,"40.232713,-74.03143",1712.0664946099125,260
169,Belmar,"40.302718,-74.24928",2167.8974593961802,130
170,Atlantic Highlands,"40.407958,-74.03483",3244.4003340011964,240
171,Avon By The Sea,"40.191809,-74.01688",1139.5105290292533,247
172,Belford,"40.415902,-74.08689",1701.7670634081642,117
173,Bradley Beach,"40.202113,-74.01353",1081.0672247758332,201
174,Cliffwood,"40.435961,-74.23734",1545.454978655645,162
175,Colts Neck,"40.300226,-74.18306",7609.374392862674,338
176,Deal,"40.250104,-74.00153",1755.8480036935468,136
177,Eatontown,"40.301979,-74.06889",3338.3679855527084,338
178,Englishtown,"40.294244,-74.34213000000003",1156.7483600027704,58
179,Farmingdale,"40.205367,-74.15767",1125.22635523024,45
180,Freehold,"40.241036,-74.27629",10548.036574333744,409
181,Hazlet,"40.423298,-74.179",4202.2931001798315,409
182,Howell,"40.146597,-74.20815",10833.354998763107,422
183,Highlands,"40.404474,-73.9904",2193.471940756984,247
184,Holmdel,"40.384832,-74.17194",6537.539931524104,416
185,Keansburg,"40.444407,-74.13298",6104.9049620663445,403
186,Keyport,"40.439714,-74.19374",2010.2403216180103,299
187,Leonardo,"40.416772,-74.06058",1249.1725037753176,32
188,Lincroft,"40.337374,-74.12059",3927.1554769769655,292
189,Little Silver,"40.33517,-74.04059000000002",3135.3568722920236,370
190,Long Branch,"40.297932,-73.99096999999998",4244.147154856065,370
191,Marlboro,"40.316876,-74.26111999999998",8601.454234297835,416
192,Matawan,"40.411102,-74.23767",2505.344593827039,305
193,Middletown,"40.410213,-74.11718",12063.431115078962,461
194,Monmouth Beach,"40.332877,-73.97986",2048.2600995394478,182
195,Morganville,"40.361014,-74.26595",4027.922132123581,253
196,Navesink,"40.40227700000001,-74.02728499999998",1724.1850121941,195
197,Neptune,"40.208945,-74.05261",4997.809287815978,422
198,Oakhurst,"40.263575,-74.02176",1687.6788348115542,201
199,Ocean Grove,"40.211982,-74.00916",940.4059054223324,312
200,Oceanport,"40.318115,-74.01239",3051.1562054389938,344
201,Port Monmouth,"40.427561,-74.1069",1825.8327992619204,208
202,Rumson,"40.369145,-73.99576",3639.862458626131,351
203,Spring Lake,"40.153024,-74.03372",2003.428116098379,260
204,Tennent,"40.302718,-74.24928",187.76808267761993,39
205,West Long Branch,"40.289985,-74.01671",2404.95911928366,318
206,Wickatunk,"40.302718,-74.24928",168.61217890786747,39
207,Dover,"40.889166,-74.55462",2421.802476356519,325
208,Mine Hill,"40.878785,-74.60098",2835.9315540787684,253
209,Picatinny Arsenal,"40.867331,-74.57826899999998",4800.0,377
210,Allamuchy,"40.869648,-74.849661",7226.79970432297,344
211,Andover,"40.96630800000001,-74.74298",1923.9169730033782,39
212,Augusta,"41.139545,-74.6993",5115.1397430589495,110
213,Belvidere,"40.82383,-75.04585",1797.766314894261,32
214,Blairstown,"40.96035,-74.96243",8684.972267811609,240
215,Branchville,"41.177457,-74.75904",1173.2044057229264,6
216,Montague,"41.300062,-74.76058",10740.381835252801,396
217,Budd Lake,"40.878198,-74.73875",3613.428497319334,279
218,Buttzville,"40.84335,-74.98591400000002",4800.0,52
219,Califon,"40.723778,-74.81866",1572.5071214735488,6
220,Changewater,"40.739382,-74.94475600000001",144.90702985766353,0
221,Columbia,"40.92976,-75.06193",979.5763707676394,6
222,Delaware,"40.895451,-75.06752",10753.85515872854,416
223,Denville,"40.886149,-74.48704000000002",6944.224201606969,390
224,Flanders,"40.84405,-74.70134",4899.833080366149,305
225,Glasser,"41.12831,-74.678956",140.51619840152227,0
226,Great Meadows,"40.886474,-74.90089",1985.6401417475017,26
227,Greendell,"41.12831,-74.678956",287.9949440147219,0
228,Hackettstown,"40.861748,-74.83054",3657.3360583537683,247
229,Hibernia,"40.940301,-74.49616999999998",702.6445723683364,19
230,Hopatcong,"40.937206,-74.66147",6065.468972281222,383
231,Hope,"40.919658,-74.984628",6580.063990272971,175
232,Ironia,"40.867331,-74.57826899999998",477.49864710096347,32
233,Johnsonburg,"40.966266,-74.87979",1906.910454416778,6
234,Kenvil,"40.88038,-74.62009",2241.3305928621394,214
235,Lafayette,"41.09415900000001,-74.69036",7516.586962974097,351
236,Lake Hopatcong,"40.963959,-74.61414",6065.468972281222,357
237,Landing,"40.908198,-74.65749",2994.919342574777,266
238,Layton,"41.172968,-74.88301",530.4763732865787,6
239,Ledgewood,"40.876349,-74.65769",2951.5734675881404,292
240,Long Valley,"40.788599,-74.78295",4296.9852148500395,234
241,Middleville,"41.12831,-74.678956",187.2057619094558,0
242,Mount Arlington,"40.919498,-74.63559000000002",3233.01532211107,279
243,Netcong,"40.897398,-74.70300999999998",1524.337784437222,188
244,Newton,"41.0714,-74.80199",2615.5676951682235,58
245,Oxford,"40.815107,-74.96802",4167.427084398625,65
246,Port Murray,"40.783175,-74.90934",6209.321425504284,234
247,Rockaway,"40.926798,-74.50624",2284.641470654757,78
248,Randolph,"40.847649,-74.5748",6735.260554819175,390
249,Schooleys Mountain,"40.810362,-74.81931800000002",388.11894529812594,13
250,Sparta,"41.035384,-74.63557",1619.9268917006382,195
251,Stanhope,"40.917054,-74.71053",2161.4291353551484,188
252,Stillwater,"41.043858,-74.871981",9093.968344090354,260
253,Succasunna,"40.855549,-74.65250999999998",4780.063274866183,344
254,Swartswood,"41.10289,-74.850759",128.03068351142358,0
255,Mount Tabor,"40.872866,-74.47843",708.7953882643146,65
256,Tranquility,"40.955934,-74.788108",423.26115424539506,6
257,Vienna,"40.864844,-74.897002",2647.1077313702067,45
258,Wallpack Center,"41.125646,-74.917711",9539.556689816396,201
259,Washington,"40.753753,-74.99616999999998",2057.9179259867888,162
260,Wharton,"40.913298,-74.58246",2143.7676069148515,188
261,Summit,"40.714501,-74.3633",3981.2598609955444,351
262,Basking Ridge,"40.6789,-74.57039",3084.567791003763,182
263,Bedminster,"40.652301,-74.653",7767.5504957299445,357
264,Berkeley Heights,"40.675112,-74.43459",4250.494100783773,312
265,Bernardsville,"40.72344,-74.57753000000002",5317.577889980283,305
266,Brookside,"40.800353,-74.57178499999998",1287.3493816500577,19
267,Cedar Knolls,"40.821149,-74.45121",2528.013831245359,357
268,Chatham,"40.7332,-74.39735999999998",2312.77676128612,221
269,Chester,"40.786549,-74.68799",1964.0101468173302,188
270,Far Hills,"40.696601,-74.63781",4155.617569191898,169
271,Florham Park,"40.77835,-74.39009",4406.884864025673,377
272,Gillette,"40.683934,-74.47079000000002",3847.1099064223263,260
273,Gladstone,"40.72265,-74.67432",3428.071372406455,104
274,Green Village,"40.739333,-74.45631",1801.2324666336478,26
275,East Hanover,"40.820012,-74.36474",4846.317818645205,390
276,Liberty Corner,"40.655399,-74.586151",5308.105561793836,279
277,Lyons,"40.566553000000006,-74.599801",4800.0,383
278,Madison,"40.75875,-74.41609",3031.7267062215947,292
279,Mendham,"40.782767,-74.59529",3600.3250087251527,175
280,Millington,"40.672823,-74.52011",3540.7770799742866,234
281,Greystone Park,"40.842399,-74.48223",4800.0,416
282,Morris Plains,"40.842399,-74.48223",2385.748097775387,260
283,Morristown,"40.79215,-74.48559",2853.306737082332,383
284,Mount Freedom,"40.813281,-74.57267",1413.2371348385914,71
285,New Providence,"40.698268,-74.40225",2942.650461526675,266
286,New Vernon,"40.733739,-74.48850999999998",2820.2201104024257,32
287,Peapack,"40.707505,-74.65657",3428.071372406455,143
288,Pluckemin,"40.642491,-74.639597",1320.0627134996,97
289,Pottersville,"40.713675,-74.72465",1208.9034283785052,0
290,Stirling,"40.672968,-74.49171",2943.874515432035,201
291,Whippany,"40.821482,-74.42648",2411.1655361362923,221
292,Alloway,"39.559426,-75.3631",9355.994875232853,143
293,Cherry Hill,"39.932279,-75.02266",7950.158929863289,416
294,Atco,"39.769357,-74.87264",7832.506644305112,351
295,Barnegat,"39.759581,-74.27398000000002",13809.912470335528,383
296,Barnegat Light,"39.75196,-74.11074",1699.711380276214,97
297,Barrington,"39.868013,-75.05424000000002",2132.667421853171,273
298,Beach Haven,"39.614596,-74.2005",2662.862681477672,104
299,Berlin,"39.779582,-74.9365",3097.2626685030737,240
300,Beverly,"40.058211,-74.91404",1199.8091458569568,78
301,Birmingham,"39.978635,-74.71323000000002",1582.983481573912,19
302,Blackwood,"39.78461400000001,-75.05678",1729.1584823723567,136
303,Bridgeport,"39.803646,-75.34421",815.2060125495522,0
304,Browns Mills,"39.960596,-74.5606",3326.113847391631,162
305,Burlington,"40.06834,-74.84463000000002",3062.588648486501,299
306,Cedar Brook,"39.80237,-74.938259",156.15217747921477,58
307,Chatsworth,"39.777314,-74.5354",1650.8707979461053,6
308,Clarksboro,"39.800958,-75.2211",1278.5989931600968,39
309,Clementon,"39.810485,-74.99574",2030.2618369652103,201
310,Columbus,"40.079952,-74.70684",10796.405517635372,409
311,Deepwater,"39.683577,-75.48931999999998",680.4386037067532,78
312,Ewan,"39.701526,-75.162903",354.72155278914374,0
313,Gibbsboro,"39.833847,-74.96899",2255.943714565957,221
314,Gibbstown,"39.824159,-75.28187",2424.3341646403287,97
315,Glassboro,"39.700008,-75.11950999999998",5858.603199259158,357
316,Glendora,"39.840463,-75.0687",1775.928064800295,188
317,Gloucester City,"39.891113,-75.11836",2526.1820384654625,299
318,Bellmawr,"39.867013,-75.09161999999998",3058.989745090144,364
319,Grenloch,"39.781264,-75.0609",852.185732351142,65
320,Haddonfield,"39.895213,-75.04019",2900.8335186651716,390
321,Haddon Heights,"39.87913,-75.06599",2044.274980631638,253
322,Hainesport,"39.985662,-74.83044",4072.128123284985,312
323,Hammonton,"39.625291,-74.77705",11318.880412016035,383
324,Hancocks Bridge,"39.481009,-75.50618",600.5810996508718,0
325,Harrisonville,"39.685445,-75.2669",820.1546036596002,6
326,Jobstown,"40.038339,-74.6806",2169.304429628385,19
327,Juliustown,"40.018503,-74.66656",2090.1138603982045,19
328,Voorhees,"39.851969,-74.96128",5905.581814787987,422
329,Lawnside,"39.866513,-75.03197",1871.017955061388,221
330,Willingboro,"40.029011,-74.88257",4766.066929410355,286
331,Lumberton,"39.967013,-74.80666",5756.946450155957,377
332,Magnolia,"39.85478,-75.03671",1407.4210786459919,201
333,Manahawkin,"39.707575,-74.25933",3027.985503379271,175
334,Mantua,"39.785785,-75.17761",6827.226902967494,364
335,Maple Shade,"39.952212,-74.99464",3402.2985259975553,286
336,Marlton,"39.88488,-74.90416",3113.589820946345,286
337,Mount Laurel,"39.949446,-74.90342",7511.146127638733,396
338,Medford,"39.865272,-74.8185",9605.10519627546,409
339,Mickleton,"39.785219,-75.25304",2399.7540501214453,13
340,Moorestown,"39.968962,-74.9489",6742.941822106901,396
341,Mount Ephraim,"39.884263,-75.0923",1552.944963060648,208
342,Mount Holly,"39.991562,-74.79746999999998",2395.236605479961,247
343,Mount Royal,"39.807684,-75.20496",2266.4546909069068,91
344,Mullica Hill,"39.716939,-75.21987",1967.6976682013715,65
345,National Park,"39.867158,-75.1802",1872.0687979209433,91
346,New Lisbon,"39.961921,-74.63687",278.5838678612571,6
347,Palmyra,"40.00278,-75.02626",2533.7801432990404,286
348,Paulsboro,"39.833156,-75.23773",2606.2022642587954,201
349,Pedricktown,"39.740353000000006,-75.41261999999998",1711.8193336077268,6
350,Pemberton,"39.961183,-74.66266",1146.9790362834613,13
351,Penns Grove,"39.712593,-75.46906",1418.6573614902782,65
352,Pennsville,"39.645377,-75.51923000000002",8308.978892260655,383
353,Pitman,"39.730964,-75.13009",2352.0935214853816,266
354,Quinton,"39.546172,-75.41367",8885.139306174166,156
355,Rancocas,"40.010461,-74.86762",669.1727772379306,26
356,Richwood,"39.716194,-75.17326",603.5597374462592,13
357,Riverside,"40.029361,-74.9541",1911.7108846277672,253
358,Riverton,"39.862433,-74.72507900000002",1718.6113391167057,26
359,Runnemede,"39.850013,-75.0767",2620.9044613539318,279
360,Salem,"39.549912,-75.43943",2443.361680856885,84
361,Sewell,"39.74953,-75.10637",1427.5362663929384,84
362,Sicklerville,"39.741385,-74.99035",2948.962500867192,195
363,Somerdale,"39.842613,-75.02496",2148.283015731603,279
364,Stratford,"39.829014,-75.01371",2309.0668899615453,292
365,Swedesboro,"39.753088,-75.32687",1529.2316071533999,130
366,Thorofare,"39.849156,-75.18159",2324.806248574975,221
367,Tuckerton,"39.59899,-74.36573",2893.761567425497,208
368,Vincentown,"39.871699,-74.70528",1317.687006503288,0
369,Waterford Works,"39.722622,-74.8503",4800.0,136
370,Wenonah,"39.799347,-75.15202",1547.5266988242759,84
371,West Berlin,"39.807695,-74.93392",3105.250944059638,273
372,West Creek,"39.658781,-74.28673",4800.0,214
373,Westville,"39.861413,-75.13284",2278.3742821185147,221
374,Williamstown,"39.647598,-74.95926999999998",3641.7297586344125,149
375,Winslow,"39.656976,-74.86043000000002",13442.232392832682,383
376,Deptford,"39.830313,-75.13221",6713.366842738611,403
377,Woodbury,"39.830313,-75.13221",2302.029873176946,201
378,Woodbury Heights,"39.816063,-75.15321",1706.0998367291882,175
379,Woodstown,"39.637838,-75.32396",1737.5422212233202,91
380,Camden,"39.80237,-74.938259",4938.6088369776935,383
381,Haddon Township,"39.918663,-75.10976",3479.454379844878,429
382,Audubon,"39.892213,-75.07212",2038.950812682682,305
383,Oaklyn,"39.908163,-75.08618",1326.1460145249425,195
384,Collingswood,"39.915263,-75.06401",2090.651514440583,273
385,Merchantville,"39.949979,-75.05024",1424.1073757925476,201
386,Pennsauken,"39.966812,-75.05681",6286.967672469687,416
387,Absecon,"39.457517,-74.50914",4690.272252545268,299
388,Avalon,"39.092928,-74.72688000000002",4123.272192371911,260
389,Brigantine,"39.401801,-74.38016999999998",5743.64991791271,416
390,Cape May,"38.963652,-74.92319",3307.4531804229323,370
391,Cape May Court House,"39.081754,-74.83658",5363.000256755431,286
392,Cape May Point,"38.936896,-74.96526",870.9543218275118,52
393,Cologne,"39.509208,-74.60855699999998",139.25696259716293,0
394,Dennisville,"39.056521,-74.81661899999997",397.29155567681795,0
395,Egg Harbor City,"39.548049,-74.62171",6963.783446976255,221
396,Elwood,"39.575273,-74.72103",3316.606015583094,45
397,Goshen,"39.056521,-74.81661899999997",300.85901176595763,0
398,Green Creek,"39.056521,-74.81661899999997",426.2757237179426,0
399,Leeds Point,"39.509208,-74.60855699999998",156.02674170190485,0
400,Linwood,"39.348616,-74.57387",3540.331374946028,266
401,Marmora,"39.264412,-74.64986",4504.773914125984,188
402,New Gretna,"39.595957,-74.45628",1014.8599398762199,13
403,Northfield,"39.370083,-74.55211",2939.7279635194122,221
404,Ocean City,"39.265371,-74.59380999999998",7103.849842681642,435
405,Ocean View,"39.20877,-74.70438",4800.0,227
406,Oceanville,"39.509208,-74.60855699999998",201.06358565354245,0
407,Pleasantville,"39.394616,-74.52212",4458.182749153977,279
408,Egg Harbor Township,"39.398172,-74.59666999999997",14030.558628889075,487
409,Pomona,"39.487717,-74.554334",3092.3327080863237,162
410,Port Republic,"39.527903,-74.4917",4689.122323916492,162
411,Rio Grande,"39.017837,-74.87515",2430.1723645010456,162
412,Sea Isle City,"39.145755,-74.69865",4117.031364919959,292
413,Somers Point,"39.319901,-74.5999",3600.0717553942045,299
414,South Dennis,"39.176208,-74.81723000000002",239.0756866098327,0
415,South Seaville,"39.056521,-74.81661899999997",448.6148379511693,6
416,Stone Harbor,"39.051289,-74.76204",3272.321161516898,227
417,Strathmere,"39.197394,-74.65699000000002",2005.9494524504087,65
418,Tuckahoe,"39.056521,-74.81661899999997",4800.0,240
419,Villas,"39.022256,-74.93616",3133.217020067451,195
420,Whitesboro,"39.037404,-74.85749",3169.1331981370704,156
421,Wildwood,"38.987556,-74.822",1868.0934566187943,416
422,Woodbine,"39.27505900000001,-74.80041",4624.007093933094,78
423,Bridgeton,"39.445164,-75.24215",3609.2062755863985,234
424,Buena,"39.522686,-74.89684",4165.242029533764,110
425,Cedarville,"39.337205,-75.18576999999998",2529.1582193012773,13
426,Clayton,"39.655964,-75.08736",4400.236087498516,143
427,Deerfield Street,"39.530314,-75.22901",6263.526843022687,45
428,Delmont,"39.219301,-74.94015999999998",4800.0,26
429,Dividing Creek,"39.273214,-75.095025",489.29974928801795,6
430,Dorchester,"39.274714,-74.97546",1151.3102181248357,0
431,Dorothy,"39.406518,-74.82706",4800.0,39
432,Elmer,"39.553504,-75.16843",1329.7535995552037,6
433,Estell Manor,"39.376098999999996,-74.81456",11936.457000439144,325
434,Fairton,"39.379906,-75.221681",3183.9457068132974,39
435,Fortescue,"39.239649,-75.17225",1008.853007843948,19
436,Franklinville,"39.618222,-75.0618",3168.2029256900482,91
437,Greenwich,"39.402763,-75.3574",7052.999316855162,97
438,Heislerville,"39.218484,-74.99001",1267.0924740521793,6
439,Landisville,"39.524179,-74.9385",1100.9079031889219,58
440,Leesburg,"39.254836,-74.97766999999997",2412.0670716250215,6
441,Malaga,"39.572449,-75.0543",1465.338347799944,71
442,Mauricetown,"39.28546400000001,-74.99687",1134.331801385979,19
443,Mays Landing,"39.478771,-74.7581",2631.2662341575483,52
444,Millville,"39.379382,-75.03923",10648.142876478048,390
445,Milmay,"39.437265,-74.87926",3147.389524887325,13
446,Minotola,"39.517539,-74.94972",1804.480735324626,58
447,Mizpah,"39.50208,-74.833469",455.5485648652954,0
448,Monroeville,"39.633964,-75.15643",1833.4867371533603,13
449,Newfield,"39.562763,-75.00955",1878.4940022110425,0
450,Newport,"39.28341,-75.15464",864.9185386098592,0
451,Newtonville,"39.562719,-74.85853",1965.9154871880878,13
452,Norma,"39.499765,-75.082022",306.35549694043635,0
453,Port Elizabeth,"39.314084,-74.97889",760.1908650089648,6
454,Port Norris,"39.25682000000001,-75.06683000000002",4443.917977250997,52
455,Richland,"39.490774,-74.87045",2370.207174274165,39
456,Rosenhayn,"39.475565,-75.12933000000002",2892.8333010684646,13
457,Shiloh,"39.458114,-75.29760999999998",1537.3182541423444,26
458,Vineland,"39.492265,-75.01886999999998",13413.673158139149,409
459,Atlantic City,"39.364966,-74.43903",6205.634196385493,468
460,Margate City,"39.329416,-74.50661",2081.4118557109446,221
461,Longport,"39.314766,-74.52675",2074.276686037283,188
462,Ventnor City,"39.342299,-74.48192",2850.343103608781,331
463,Allentown,"40.164556,-74.57785",1178.4061756449232,13
464,Belle Mead,"40.460137,-74.63592",1447.116697459418,19
465,Blawenburg,"40.425369,-74.66875300000002",381.9888912574448,0
466,Bordentown,"40.132784,-74.71778",1459.4982027760725,162
467,Millstone Township,"40.18238,-74.42134",11110.18936099366,429
468,Cookstown,"40.050128,-74.55611",1131.2524656637129,19
469,Cranbury,"40.306286,-74.52627",5200.52743152698,351
470,Cream Ridge,"40.134892,-74.48688",1451.486614808346,6
471,Chesterfield,"40.14821,-74.65125",7601.340510667541,390
472,Florence,"40.11791,-74.8047",4840.003214561601,403
473,Hightstown,"40.262809,-74.53246",1538.7367680043335,214
474,Hopewell,"40.386902,-74.78112",1408.0910982321338,19
475,Imlaystown,"40.162275,-74.475936",4800.0,208
476,Jackson,"40.11597,-74.32251",13687.12636354653,422
477,Kingston,"40.377173,-74.61538",1643.8455372500466,136
478,Lambertville,"40.375039,-74.93184000000002",1997.7019452060242,325
479,New Egypt,"40.075185,-74.48433",3335.861830891425,84
480,Pennington,"40.32315,-74.78364",1548.1796600861694,149
481,Perrineville,"40.228497,-74.45064",377.605207579862,0
482,Plainsboro,"40.33371,-74.58511999999997",5183.727165175147,318
483,Princeton,"40.357439,-74.64922",6565.022653584458,416
484,Princeton Junction,"40.292358,-74.60902",2384.5401386821623,149
485,Ringoes,"40.449171,-74.84979",7527.791723925252,318
486,Rocky Hill,"40.400406,-74.63895",1168.3637799413925,130
487,Roebling,"40.113883,-74.77977",1745.8635377195862,65
488,Roosevelt,"40.22142,-74.47378",2142.927467841638,19
489,Rosemont,"40.41996500000001,-74.988619",4800.0,169
490,Sergeantsville,"40.563654,-74.949409",509.46358548386235,6
491,Skillman,"40.410155,-74.70725999999998",2528.127919072477,26
492,Stockton,"40.435878,-74.96511",1269.241384259359,6
493,Titusville,"40.31049,-74.85947",1298.865611866215,32
494,Windsor,"40.242009,-74.58006",2890.2505534675206,130
495,Wrightstown,"40.062215,-74.58893",3549.6317713205435,201
496,Trenton,"40.280531,-74.712018",5264.337231257623,396
497,Fort Dix,"40.003861,-74.61775",5931.363617649081,273
498,Lakewood,"40.082782,-74.2094",7068.413895803968,357
499,Allenwood,"40.14386,-74.10285999999998",3004.606767404734,117
500,Bayville,"39.902851,-74.16037",1498.639847510785,97
501,Beachwood,"39.931068,-74.19618",2790.69307037423,253
502,Brick,"40.042479,-74.123",8881.580034851457,448
503,Brielle,"40.10843300000001,-74.06226",2668.8496423300576,377
504,Forked River,"39.848035,-74.21297",5637.29443333973,299
505,Island Heights,"39.942616,-74.14689",1520.6467565495952,208
506,Lakehurst,"40.017117,-74.30490999999998",1724.561644384015,143
507,Lanoka Harbor,"39.862864,-74.16624",2385.7871123189047,175
508,Lavallette,"39.982101,-74.06768000000002",1564.3575363154084,130
509,Manasquan,"40.120261,-74.05765",3037.9079878980883,383
510,Mantoloking,"40.025258,-74.05579",1888.7843655233708,58
511,Normandy Beach,"40.000759,-74.24928",949.4933087221353,19
512,Ocean Gate,"39.925301,-74.13488000000002",1087.8393798777176,32
513,Pine Beach,"39.934318,-74.16773",1306.228391682312,117
514,Point Pleasant Beach,"40.08116500000001,-74.06003",2179.9045957026356,312
515,Sea Girt,"40.133754,-74.04123",1676.733884263171,253
516,Seaside Heights,"39.948518,-74.0759",1394.447932339728,247
517,Seaside Park,"39.920268,-74.07967",1520.5369462141448,104
518,Toms River,"39.974584,-74.15141",11433.859200487823,474
519,Waretown,"39.784513,-74.22376",1671.4496424448914,104
520,Manchester Township,"39.943541,-74.36949",15870.633474648133,370
521,Annandale,"40.624538,-74.89118",2007.035017153583,195
522,Asbury,"40.661172,-75.0321",1343.1842123875324,26
523,Baptistown,"40.563654,-74.949409",267.9827832341705,6
524,Bloomsbury,"40.652484,-75.08959",2283.931725847195,45
525,Bound Brook,"40.567953,-74.54034",2060.0007680483936,253
526,Bridgewater,"40.588097,-74.62253",9499.888279749865,409
527,Broadway,"40.737213,-75.046926",2048.1124725998843,39
528,Clinton,"40.639546,-74.91292",1687.6292383551956,156
529,Dayton,"40.372881,-74.51363",2344.970954012596,123
530,Dunellen,"40.594502,-74.47166",1499.5394172391493,227
531,East Brunswick,"40.434239,-74.40504",8491.908381110605,409
532,Edison,"40.516104,-74.39754",9149.012629618543,435
533,Flagtown,"40.51857800000001,-74.68545",793.5880909915372,13
534,Flemington,"40.515645,-74.85319",1434.4468523679748,188
535,Franklin Park,"40.439412,-74.55565",3140.6925356257966,208
536,Kendall Park,"40.423055,-74.55351999999998",2874.835484651511,201
537,Frenchtown,"40.509998,-75.03239",1456.9674382092248,32
538,Glen Gardner,"40.716332,-74.91405",1781.0175568801737,6
539,Hampton,"40.677404,-74.96875",1873.99570066997,0
540,Helmetta,"40.37594,-74.41955",1651.24059438085,39
541,High Bridge,"40.668594,-74.89241",2138.6085601145724,130
542,Iselin,"40.571504,-74.3183",2613.938346214178,344
543,Monroe Township,"40.336508,-74.43302",9413.998816394178,383
544,Keasbey,"40.517855,-74.30325",1801.653459228056,156
545,Lebanon,"40.643314,-74.82345",1406.2812821876712,84
546,Little York,"40.563654,-74.949409",2591.1641166485038,32
547,Manville,"40.53890300000001,-74.59222",2496.5556499204886,208
548,Martinsville,"40.59555200000001,-74.55174",6894.208685039694,409
549,Metuchen,"40.543354,-74.3587",2174.747281525374,318
550,Hillsborough,"40.502477,-74.650023",12098.579357163264,435
551,Middlesex,"40.574552,-74.50187",3226.5017242338176,344
552,Milford,"40.587606,-75.10401999999998",1594.1769306745994,32
553,Milltown,"40.451105,-74.43938",1953.7513619493297,240
554,Monmouth Junction,"40.389428,-74.54329",2606.840544829449,169
555,Neshanic Station,"40.51057,-74.72471999999998",885.6565092360428,19
556,Piscataway,"40.555355,-74.46094000000002",6908.0738769466425,429
557,Old Bridge,"40.397507,-74.3298",11431.735931301826,442
558,Oldwick,"40.681694,-74.73624000000002",1235.28526891883,6
559,Parlin,"40.461851,-74.30343",1328.6306223044867,175
560,Perth Amboy,"40.520105,-74.27708",3404.0696986484704,357
561,Fords,"40.535304,-74.31104",2593.5380889252388,318
562,Phillipsburg,"40.689123,-75.17243",2905.4534533865954,344
563,Pittstown,"40.583035,-74.96224000000002",3420.602306405298,45
564,Quakertown,"40.565493,-74.93893100000003",360.2020362956634,6
565,Raritan,"40.571302,-74.6374",2328.997511142978,331
566,Readington,"40.563654,-74.949409",11576.510411037916,396
567,Sayreville,"40.430006,-74.417344",7940.1605180604865,390
568,Somerset,"40.505253,-74.50723",3528.500620144594,266
569,Somerville,"40.545853,-74.63592",2218.1167624044906,162
570,South Amboy,"40.469606,-74.27669",2470.4033911347224,292
571,South Bound Brook,"40.553803,-74.52976",1437.8880776408937,253
572,South River,"40.445006,-74.38179000000002",2873.72468260433,325
573,Spotswood,"40.39159,-74.39329000000002",2532.6668398337815,195
574,Stanton,"40.576372,-74.83110500000002",148.79682651222979,0
575,Stewartsville,"40.694938,-75.11180999999998",6408.271171250758,299
576,Three Bridges,"40.525361,-74.79632",2746.5253033809972,32
577,Whitehouse,"40.619412,-74.740597",2432.847511029196,123
578,Whitehouse Station,"40.612851,-74.76682",1812.494584788741,162
579,Zarephath,"40.536069,-74.578872",1414.7794589024572,143
580,New Brunswick,"40.488304,-74.44775",4737.694438985878,422
581,North Brunswick,"40.453131,-74.48286999999998",6116.069182305925,422
582,Highland Park,"40.500254,-74.4257",2113.167933138056,338
