City,Zip Code,County,Latitude,Longitude,,"Population estimates, July 1, 2019,  (V2019)","Population estimates, July 1, 2018,  (V2018)","Population estimates base, April 1, 2010,  (V2019)","Population estimates base, April 1, 2010,  (V2018)","Population, percent change - April 1, 2010 (estimates base) to July 1, 2019,  (V2019)","Population, percent change - April 1, 2010 (estimates base) to July 1, 2018,  (V2018)","Population, Census, April 1, 2010","Persons under 5 years, percent","Persons under 18 years, percent","Persons 65 years and over, percent","Female persons, percent","White alone, percent","Black or African American alone, percent","American Indian and Alaska Native alone, percent","Asian alone, percent","Native Hawaiian and Other Pacific Islander alone, percent","Two or More Races, percent","Hispanic or Latino, percent","White alone, not Hispanic or Latino, percent","Veterans, 2014-2018","Foreign born persons, percent, 2014-2018","Housing units,  July 1, 2018,  (V2018)","Owner-occupied housing unit rate, 2014-2018","Median value of owner-occupied housing units, 2014-2018","Median selected monthly owner costs -with a mortgage, 2014-2018","Median selected monthly owner costs -without a mortgage, 2014-2018","Median gross rent, 2014-2018","Building permits, 2018","Households, 2014-2018","Persons per household, 2014-2018","Living in same house 1 year ago, percent of persons age 1 year+, 2014-2018","Language other than English spoken at home, percent of persons age 5 years+, 2014-2018","Households with a computer, percent, 2014-2018","Households with a broadband Internet subscription, percent, 2014-2018","High school graduate or higher, percent of persons age 25 years+, 2014-2018","Bachelor's degree or higher, percent of persons age 25 years+, 2014-2018","With a disability, under age 65 years, percent, 2014-2018","Persons  without health insurance, under age 65 years, percent","In civilian labor force, total, percent of population age 16 years+, 2014-2018","In civilian labor force, female, percent of population age 16 years+, 2014-2018","Total accommodation and food services sales, 2012 ($1,000)","Total health care and social assistance receipts/revenue, 2012 ($1,000)","Total manufacturers shipments, 2012 ($1,000)","Total merchant wholesaler sales, 2012 ($1,000)","Total retail sales, 2012 ($1,000)","Total retail sales per capita, 2012","Mean travel time to work (minutes), workers age 16 years+, 2014-2018","Median household income (in 2018 dollars), 2014-2018","Per capita income in past 12 months (in 2018 dollars), 2014-2018","Persons in poverty, percent","Total employer establishments, 2017","Total employment, 2017","Total annual payroll, 2017 ($1,000)","Total employment, percent change, 2016-2017","Total nonemployer establishments, 2017","All firms, 2012","Men-owned firms, 2012","Women-owned firms, 2012","Minority-owned firms, 2012","Nonminority-owned firms, 2012","Veteran-owned firms, 2012","Nonveteran-owned firms, 2012","Population per square mile, 2010","Land area in square miles, 2010",FIPS Code
,,,,,,,,,,,,,,,,,,,,,,,,,,,,,,,,,,,,,,,,,,,,,,,,,,,,,,,,,,,,,,,,,,,,,,
Absecon,8201,Atlantic,39.457517,-74.50914,,NA,"8,442",NA,"8,502",NA,-0.70%,"8,411",6.20%,20.30%,22.30%,51.40%,79.30%,8.90%,0.00%,5.20%,0.20%,2.80%,9.30%,76.30%,589,9.80%,X,83.50%,"$198,300 ","$2,050 ",$905 ,"$1,356 ",X,"3,092",2.63,92.90%,13.80%,90.80%,85.80%,90.90%,28.60%,7.80%,6.10%,65.30%,59.50%,"29,974","36,762",X,D,"167,148","$19,929 ",23,"$73,560 ","$35,991 ",6.60%,X,X,X,X,X,725,354,266,142,541,63,586,"1,558.70",5.4,"""3400100"""
Allendale,7401,Bergen,41.031505,-74.13409,,NA,"6,792",NA,"6,505",NA,4.40%,"6,505",4.30%,28.90%,13.40%,55.60%,85.90%,1.20%,0.00%,10.60%,0.00%,2.30%,1.90%,83.90%,157,9.80%,X,85.40%,"$710,600 ","$3,636 ","$1,500+","$1,921 ",X,"2,254",2.96,93.20%,13.10%,93.90%,93.60%,97.70%,71.30%,3.60%,2.10%,65.30%,52.90%,"21,989","34,828","2,572","656,422","57,580","$8,650 ",35.9,"$158,977 ","$71,890 ",1.60%,X,X,X,X,X,659,339,261,85,543,F,607,"2,100.40",3.1,"""3400700"""
Asbury Park,7712,Monmouth,40.232713,-74.03143,,NA,"15,511",NA,"16,114",NA,-3.70%,"16,116",6.30%,22.20%,11.60%,51.80%,38.60%,44.20%,0.70%,0.80%,0.00%,3.10%,27.40%,27.50%,464,19.30%,X,21.00%,"$346,300 ","$2,284 ","$1,064 ","$1,231 ",X,"6,721",2.29,81.10%,28.10%,84.10%,73.60%,84.50%,26.70%,13.50%,17.70%,69.10%,61.00%,"60,833","37,450","9,074","39,377","76,651","$4,831 ",28.1,"$41,336 ","$32,368 ",28.60%,X,X,X,X,X,"1,068",617,358,333,697,90,940,"11,317.40",1.42,"""3401960"""
Atlantic City,8401,Atlantic,39.364966,-74.43903,,NA,"37,804",NA,"39,558",NA,-4.40%,"39,558",7.60%,24.70%,13.60%,49.10%,31.30%,35.50%,0.40%,16.90%,0.00%,4.00%,31.00%,15.40%,"1,205",33.00%,X,26.70%,"$165,200 ","$1,999 ",$953 ,$872 ,X,"15,272",2.46,80.80%,48.10%,74.30%,62.50%,73.50%,16.40%,11.80%,17.70%,59.80%,55.20%,"3,539,066","407,282",D,"95,779","641,008","$16,226 ",21.3,"$27,786 ","$19,924 ",37.70%,X,X,X,X,X,"2,520","1,362",791,"1,255","1,039",129,"2,177","3,680.80",10.75,"""3402080"""
Audubon,8106,Camden,39.892213,-75.07212,,NA,"8,659",NA,"8,819",NA,-1.80%,"8,819",3.90%,17.20%,16.40%,51.90%,94.50%,3.90%,0.00%,0.20%,0.00%,0.90%,1.60%,93.50%,387,2.40%,X,71.90%,"$206,700 ","$1,892 ",$991 ,$985 ,X,"3,489",2.48,89.40%,4.60%,91.40%,87.10%,96.60%,35.80%,8.60%,3.80%,73.20%,69.40%,"15,280",D,D,D,"110,401","$12,568 ",25.3,"$81,884 ","$39,111 ",4.70%,X,X,X,X,X,688,427,117,38,596,64,550,"5,926.70",1.49,"""3402200"""
Barnegat,8005,Ocean,39.759581,-74.27398,,NA,"23,167",NA,"20,933",NA,10.70%,"20,936",5.60%,21.40%,27.10%,51.70%,89.90%,7.40%,0.10%,0.20%,0.00%,0.40%,7.80%,85.10%,"1,749",6.70%,X,87.30%,"$247,600 ","$1,988 ",$853 ,"$1,570 ",X,"8,522",2.62,90.30%,10.50%,91.00%,87.10%,93.50%,24.00%,6.10%,7.20%,10.50%,48.80%,"9,269","25,333","2,663",D,"92,762","$4,331 ",35.8,"$72,665 ","$34,180 ",7.00%,X,X,X,X,X,"1,047",514,389,161,867,131,884,609,34.38,"""3402903050"""
Barrington,8007,Camden,39.868013,-75.05424,,NA,"6,683",NA,"6,961",NA,-4.00%,"6,983",8.90%,19.60%,15.10%,51.10%,92.80%,2.10%,0.40%,1.60%,0.00%,2.50%,3.80%,89.70%,381,6.10%,X,62.60%,"$202,900 ","$1,819 ",$986 ,$970 ,X,"2,775",2.43,89.40%,9.00%,87.20%,80.10%,92.20%,36.80%,6.90%,8.70%,70.90%,66.50%,"1,234","10,596",D,D,"21,099","$3,060 ",30.1,"$75,720 ","$38,145 ",7.80%,X,X,X,X,X,578,311,159,25,485,94,455,"4,345.40",1.61,"""3403250"""
Bayonne,7002,Hudson,40.666552,-74.11768,,NA,"65,083",NA,"63,015",NA,3.30%,"63,024",6.60%,23.50%,14.10%,50.20%,63.40%,11.50%,0.10%,9.90%,0.30%,3.70%,31.40%,46.60%,"2,047",30.40%,X,38.00%,"$320,300 ","$2,581 ","$1,215 ","$1,221 ",X,"24,975",2.6,90.20%,46.90%,87.90%,80.80%,87.90%,35.40%,6.50%,12.10%,63.80%,57.30%,"71,996","329,703","528,566","1,944,200","467,124","$7,252 ",35.3,"$59,924 ","$31,329 ",13.80%,X,X,X,X,X,"5,477","3,227","1,725","2,061","3,272",271,"4,981","10,858.70",5.8,"""3403580"""
Bellmawr,8031,Camden,39.867013,-75.09162,,NA,"11,374",NA,"11,604",NA,-2.00%,"11,583",5.30%,21.10%,18.50%,49.40%,78.10%,2.00%,0.30%,10.90%,0.00%,2.10%,12.00%,72.90%,702,18.20%,X,61.00%,"$166,800 ","$1,706 ",$816 ,$889 ,X,"4,379",2.6,88.80%,22.30%,86.00%,80.90%,84.80%,18.00%,9.70%,14.10%,64.70%,57.90%,"12,095",D,"129,518","103,590","48,244","$4,178 ",25.6,"$54,447 ","$27,122 ",18.50%,X,X,X,X,X,644,361,180,159,450,66,538,"3,888.20",2.98,"""3404750"""
Belmar,7715,Monmouth,40.302718,-74.24928,,NA,"5,587",NA,"5,786",NA,-3.40%,"5,794",3.00%,13.00%,17.70%,44.00%,91.30%,3.60%,0.00%,1.00%,0.00%,0.50%,15.00%,80.20%,381,11.90%,X,48.90%,"$600,800 ","$2,625 ","$1,123 ","$1,463 ",X,"2,560",2.2,89.30%,17.50%,90.50%,84.50%,92.60%,50.20%,5.60%,13.60%,68.20%,65.80%,"27,995",D,D,"6,545","96,914","$16,852 ",31.6,"$79,706 ","$48,666 ",11.80%,X,X,X,X,X,698,463,190,43,638,64,593,"5,544.50",1.05,"""3404930"""
Bergenfield,7621,Bergen,40.923748,-73.99879,,NA,"27,479",NA,"26,821",NA,2.50%,"26,764",5.50%,22.10%,14.90%,52.30%,52.90%,6.90%,0.40%,27.20%,0.00%,2.30%,28.70%,36.40%,685,39.30%,X,67.30%,"$348,400 ","$2,690 ","$1,141 ","$1,355 ",X,"8,760",3.12,94.90%,49.60%,93.00%,89.90%,90.40%,42.60%,4.00%,8.60%,69.50%,64.40%,"18,542","52,057",D,"122,137","178,761","$6,617 ",33.6,"$96,713 ","$37,069 ",5.50%,X,X,X,X,X,"2,400","1,452",717,"1,170","1,169",201,"2,148","9,306.00",2.88,"""3405170"""
Berlin,8009,Camden,39.779582,-74.9365,,NA,"7,554",NA,"7,598",NA,-0.60%,"7,588",4.50%,23.50%,18.60%,53.00%,87.30%,4.10%,0.00%,2.60%,0.00%,3.00%,5.50%,84.80%,446,2.60%,X,86.30%,"$237,700 ","$1,965 ",$891 ,"$1,183 ",X,"2,783",2.67,94.20%,5.50%,83.70%,77.50%,91.10%,37.50%,8.60%,8.30%,64.40%,59.70%,"20,561","151,541","16,919",D,"111,900","$14,712 ",31,"$93,261 ","$39,531 ",5.80%,X,X,X,X,X,603,394,141,39,506,44,527,"2,114.80",3.59,"""3405440"""
Bernardsville,7924,Somerset,40.72344,-74.57753,,NA,"7,686",NA,"7,726",NA,-0.50%,"7,707",6.80%,25.60%,12.60%,46.60%,87.60%,0.00%,1.00%,4.90%,0.00%,0.00%,12.70%,82.40%,251,18.10%,X,85.80%,"$743,600 ","$3,843 ","$1,500+","$1,848 ",X,"2,671",2.88,90.30%,18.30%,95.70%,93.70%,97.90%,73.40%,2.20%,7.10%,69.00%,60.60%,"23,669",D,D,"23,633","201,046","$25,925 ",33.3,"$159,909 ","$86,303 ",3.60%,X,X,X,X,X,"1,166",644,399,147,946,151,938,597.2,12.91,"""3405590"""
Bloomingdale,7403,Passaic,41.014497,-74.33021,,NA,"8,072",NA,"7,662",NA,5.40%,"7,656",6.70%,20.30%,16.10%,54.20%,89.20%,2.50%,0.70%,5.30%,0.00%,0.80%,15.60%,75.00%,414,12.00%,X,66.00%,"$297,000 ","$2,402 ","$1,178 ","$1,612 ",X,"2,916",2.74,89.60%,18.70%,90.80%,89.10%,93.80%,37.90%,6.20%,5.40%,68.40%,65.10%,"4,844",D,D,"23,285","32,858","$4,274 ",29,"$89,471 ","$39,820 ",8.80%,X,X,X,X,X,554,293,212,40,506,41,490,878.6,8.71,"""3406340"""
Bogota,7603,Bergen,40.873876,-74.02769,,NA,"8,413",NA,"8,178",NA,2.90%,"8,187",5.90%,19.00%,12.50%,52.80%,69.00%,11.10%,0.00%,8.10%,0.00%,3.50%,42.10%,37.80%,352,32.70%,X,70.10%,"$326,900 ","$2,688 ","$1,180 ","$1,359 ",X,"2,866",2.91,89.40%,47.50%,92.20%,86.50%,88.70%,29.20%,5.40%,10.90%,67.20%,62.00%,"3,926",D,"17,574","56,551",D,NA,30.7,"$83,517 ","$33,287 ",7.60%,X,X,X,X,X,702,409,238,349,334,76,608,"10,702.00",0.77,"""3406490"""
Boonton,7005,Morris,40.912798,-74.41516,,NA,"8,212",NA,"8,338",NA,-1.50%,"8,347",7.00%,21.80%,13.10%,49.40%,78.30%,5.30%,0.00%,10.20%,0.00%,3.30%,14.90%,67.00%,356,20.60%,X,62.40%,"$377,900 ","$2,692 ","$1,236 ","$1,354 ",X,"3,111",2.62,89.30%,26.40%,93.00%,91.20%,91.90%,47.10%,5.20%,6.80%,76.90%,72.90%,"15,560","16,430","68,866","121,986","163,862","$19,358 ",27.5,"$88,633 ","$42,318 ",5.30%,X,X,X,X,X,929,578,225,188,706,46,828,"3,574.70",2.34,"""3406610"""
Bordentown,8505,Burlington,40.132784,-74.71778,,NA,"11,946",NA,"11,380",NA,5.00%,"11,367",5.20%,21.60%,14.20%,52.10%,76.50%,8.90%,0.00%,10.10%,0.00%,2.60%,7.90%,71.80%,632,14.90%,X,77.00%,"$288,000 ","$2,319 ",$891 ,"$1,142 ",X,"4,465",2.6,89.40%,24.40%,94.00%,91.40%,95.90%,41.40%,8.80%,7.90%,24.40%,62.30%,"38,891","9,376",D,D,"192,706","$16,961 ",29.8,"$87,837 ","$41,194 ",6.40%,X,X,X,X,X,959,490,204,361,562,72,791,"1,334.90",8.52,"""3400506700"""
Bound Brook,8805,Somerset,40.567953,-74.54034,,NA,"10,289",NA,"10,421",NA,-1.30%,"10,402",7.50%,22.70%,9.50%,50.50%,83.60%,4.70%,0.70%,2.50%,0.00%,2.20%,54.40%,37.80%,318,31.50%,X,50.00%,"$276,500 ","$2,286 ",$958 ,"$1,384 ",X,"3,527",2.92,91.50%,53.20%,89.00%,82.60%,82.80%,18.50%,4.90%,20.50%,73.10%,64.90%,"16,464",D,"11,953",D,"100,367","$9,378 ",25.2,"$69,467 ","$32,399 ",6.40%,X,X,X,X,X,671,410,210,270,384,88,565,"6,270.00",1.66,"""3406790"""
Bridgeton,8302,Cumberland,39.445164,-75.24215,,NA,"24,442",NA,"25,414",NA,-3.80%,"25,349",8.70%,31.00%,6.90%,44.20%,51.20%,30.90%,1.00%,0.40%,0.00%,2.40%,51.00%,15.80%,471,22.10%,X,35.70%,"$103,100 ","$1,416 ",$672 ,"$1,063 ",X,"6,346",3.34,83.10%,47.30%,72.80%,60.90%,63.90%,5.40%,6.80%,24.80%,51.00%,56.80%,"17,435","89,415",D,"68,271","337,105","$13,330 ",26.1,"$35,023 ","$14,996 ",33.00%,X,X,X,X,X,968,496,365,467,445,79,836,"4,102.40",6.18,"""3407600"""
Brigantine,8203,Atlantic,39.401801,-74.38017,,NA,"8,765",NA,"9,450",NA,-7.20%,"9,450",2.90%,12.50%,28.40%,52.80%,91.60%,1.40%,0.10%,3.00%,0.10%,1.90%,7.40%,86.70%,723,8.80%,X,72.60%,"$351,300 ","$2,259 ",$957 ,"$1,263 ",X,"4,127",2.17,88.20%,13.50%,91.00%,82.50%,92.70%,34.70%,8.30%,9.20%,57.90%,55.10%,"15,563","11,133",X,D,"64,456","$6,842 ",29.8,"$71,483 ","$42,684 ",9.90%,X,X,X,X,X,941,522,349,85,835,31,894,"1,479.60",6.39,"""3407810"""
Buena,8310,Atlantic,39.522686,-74.89684,,NA,"7,299",NA,"7,560",NA,-3.50%,"7,570",6.50%,21.40%,17.50%,50.10%,79.90%,9.80%,2.50%,0.70%,0.20%,1.70%,15.40%,70.20%,386,5.40%,X,83.80%,"$187,500 ","$1,801 ",$718 ,"$1,320 ",X,"2,535",2.9,89.40%,11.80%,91.80%,82.90%,84.40%,16.10%,9.20%,13.00%,11.80%,64.30%,"5,803","2,761",X,D,"77,907","$10,282 ",30.9,"$63,376 ","$28,081 ",13.10%,X,X,X,X,X,534,247,224,33,484,88,409,184.4,41.05,"""3400108710"""
Burlington,8016,Burlington,40.06834,-74.84463,,NA,"22,524",NA,"22,569",NA,-0.20%,"22,594",5.20%,23.60%,13.70%,51.70%,54.40%,29.70%,0.10%,7.60%,0.00%,5.70%,10.90%,47.70%,"1,285",14.10%,X,78.90%,"$259,300 ","$2,259 ",$861 ,"$1,083 ",X,"7,965",2.76,90.40%,20.00%,92.20%,87.90%,92.50%,33.20%,7.40%,4.90%,20.00%,69.60%,"40,005","136,107","484,304","718,317","628,508","$27,664 ",31.9,"$88,135 ","$37,544 ",5.80%,X,X,X,X,X,"1,644",743,622,608,886,107,"1,404","1,684.20",13.42,"""3400508950"""
Butler,7405,Morris,40.99313,-74.35893,,NA,"7,650",NA,"7,650",NA,0.00%,"7,539",5.90%,18.50%,16.50%,49.40%,91.70%,0.60%,1.60%,4.10%,0.20%,0.80%,20.90%,73.50%,208,19.00%,X,64.60%,"$348,100 ","$2,566 ","$1,114 ","$1,312 ",X,"2,920",2.62,85.80%,25.80%,95.50%,91.20%,95.70%,36.70%,5.00%,9.00%,75.10%,69.20%,"17,258",D,"47,219",D,"235,270","$30,977 ",30.1,"$95,917 ","$41,567 ",3.80%,X,X,X,X,X,886,580,199,92,763,74,778,"3,702.80",2.04,"""3409040"""
Caldwell,7006,Essex,40.848999,-74.27917,,NA,"7,970",NA,"7,894",NA,1.00%,"7,822",4.90%,16.60%,16.60%,52.70%,88.00%,2.60%,0.10%,5.20%,0.00%,1.40%,11.40%,79.50%,234,13.80%,X,47.70%,"$456,000 ","$3,135 ","$1,275 ","$1,421 ",X,"3,288",2.26,87.40%,15.10%,94.90%,91.80%,94.60%,54.90%,3.00%,7.10%,70.70%,64.60%,"18,433","28,497",D,"5,932","52,862","$6,731 ",28.6,"$87,727 ","$47,853 ",7.90%,X,X,X,X,X,917,545,219,102,789,F,869,"6,708.40",1.17,"""3409250"""
Camden,8101,Camden,39.80237,-74.938259,,NA,"73,973",NA,"77,043",NA,-4.00%,"77,344",8.90%,30.90%,9.40%,52.10%,21.90%,42.40%,0.70%,2.60%,0.10%,3.90%,50.30%,5.90%,"1,651",15.20%,X,39.00%,"$82,700 ","$1,091 ",$469 ,$899 ,X,"24,727",2.91,86.10%,46.60%,76.20%,60.30%,67.10%,9.10%,14.20%,14.80%,56.60%,54.20%,"46,683","1,356,656","488,374","711,370","305,525","$3,955 ",24.3,"$27,070 ","$14,747 ",36.80%,X,X,X,X,X,"3,052","1,319","1,543","2,464",424,162,"2,694","8,669.90",8.92,"""3410000"""
Cape May,8204,Cape May,38.963652,-74.92319,,"92,039","92,560","97,257","97,261",-5.40%,-4.80%,"97,265",4.60%,17.50%,26.60%,51.10%,91.80%,4.90%,0.30%,1.00%,0.10%,1.90%,7.90%,85.20%,"6,783",4.80%,"99,436",77.60%,"$296,600 ","$1,884 ",$775 ,"$1,112 ",643,"39,904",2.28,88.40%,9.10%,89.00%,82.70%,91.20%,31.50%,9.20%,8.00%,56.90%,52.50%,"592,998","443,661","98,208",D,"1,639,427","$17,023 ",22.7,"$63,690 ","$38,496 ",10.30%,"3,850","26,890","1,106,046",-2.20%,"8,387","10,928","6,043","3,319",675,"9,985",881,"9,437",386.9,251.43,"""34009"""
Carlstadt,7072,Bergen,40.836555,-74.08466,,NA,"6,191",NA,"6,125",NA,1.10%,"6,127",5.50%,18.90%,17.40%,51.10%,86.70%,0.70%,0.00%,9.00%,0.00%,2.80%,24.10%,65.20%,237,31.90%,X,64.60%,"$375,000 ","$2,548 ",$898 ,"$1,260 ",X,"2,321",2.67,94.30%,43.20%,93.10%,84.50%,89.00%,37.60%,4.90%,13.70%,69.60%,67.90%,"36,961",D,"952,531","2,270,818","114,785","$18,165 ",27,"$100,792 ","$41,229 ",1.20%,X,X,X,X,X,"1,115",662,264,354,677,67,938,"1,532.10",4,"""3410480"""
Carteret,7008,Middlesex,40.582504,-74.22997,,NA,"23,652",NA,"22,853",NA,3.50%,"22,844",6.30%,23.40%,11.90%,52.80%,53.10%,16.60%,0.40%,21.00%,0.20%,3.20%,35.40%,27.50%,781,32.00%,X,57.30%,"$271,900 ","$2,188 ",$895 ,"$1,510 ",X,"7,950",2.98,88.00%,51.70%,84.80%,69.30%,86.50%,24.50%,7.20%,12.30%,65.60%,57.20%,"16,201",D,"423,353","2,403,831","153,905","$6,396 ",31,"$74,676 ","$28,457 ",14.50%,X,X,X,X,X,"2,053","1,455",537,"1,405",594,118,"1,880","5,170.70",4.42,"""3410750"""
Chester,7930,Morris,40.786549,-74.68799,,NA,"7,777",NA,"7,843",NA,-0.80%,"7,838",4.00%,25.00%,13.90%,49.40%,89.60%,1.50%,0.00%,5.00%,0.00%,3.30%,7.20%,82.40%,189,10.90%,X,95.00%,"$638,600 ","$3,652 ","$1,500+","$2,680 ",X,"2,709",2.86,94.80%,13.80%,95.50%,92.40%,98.60%,71.40%,4.60%,1.20%,13.80%,58.10%,"3,587",D,X,D,"50,310","$6,351 ",39.1,"$160,625 ","$75,517 ",1.60%,X,X,X,X,X,"1,097",522,278,112,929,116,928,266.8,29.38,"""3402712610"""
Clayton,8312,Gloucester,39.655964,-75.08736,,NA,"8,686",NA,"8,185",NA,6.10%,"8,179",3.90%,20.90%,15.60%,49.60%,75.20%,14.80%,0.40%,1.90%,0.00%,7.20%,3.10%,73.30%,698,2.50%,X,78.90%,"$197,400 ","$1,868 ",$738 ,"$1,186 ",X,"3,135",2.72,93.90%,5.50%,90.20%,88.60%,88.30%,29.30%,10.80%,8.40%,68.90%,57.90%,"4,107","4,858",X,"1,751","37,354","$4,569 ",35.2,"$66,766 ","$37,196 ",5.70%,X,X,X,X,X,302,125,108,97,186,F,255,"1,145.50",7.14,"""3413360"""
Cliffside Park,7010,Bergen,40.82154,-73.98949,,NA,"25,935",NA,"23,620",NA,9.80%,"23,594",4.90%,15.00%,21.70%,53.00%,67.20%,3.40%,0.10%,16.20%,0.00%,3.60%,31.80%,45.50%,524,47.70%,X,47.10%,"$443,300 ","$2,785 ","$1,365 ","$1,392 ",X,"10,535",2.36,88.10%,61.80%,87.90%,83.30%,89.50%,42.70%,4.40%,22.30%,64.10%,54.50%,"17,443","48,798","2,449","26,978","67,242","$2,817 ",37.1,"$66,952 ","$42,405 ",12.30%,X,X,X,X,X,"2,956","1,775",893,"1,316","1,623",175,"2,769","24,500.50",0.96,"""3413570"""
Clifton,7011,Passaic,40.879699,-74.14263,,NA,"85,273",NA,"84,117",NA,1.40%,"84,136",5.60%,20.40%,15.20%,51.80%,66.10%,6.40%,0.50%,9.70%,0.10%,2.30%,37.70%,45.30%,"2,356",35.00%,X,58.90%,"$337,200 ","$2,592 ","$1,133 ","$1,375 ",X,"29,169",2.9,90.80%,54.10%,86.70%,81.40%,88.20%,33.00%,5.00%,11.80%,66.40%,61.10%,"125,105","400,232","1,781,692","1,275,255","1,260,516","$14,878 ",28.6,"$74,307 ","$33,355 ",9.70%,X,X,X,X,X,"9,338","5,812","2,594","3,316","5,674",487,"8,423","7,472.10",11.26,"""3413690"""
Clinton,8809,Hunterdon,40.639546,-74.91292,,NA,"12,877",NA,"13,505",NA,-4.70%,"13,478",2.90%,20.10%,12.00%,41.30%,77.10%,12.80%,0.30%,5.60%,0.00%,1.60%,8.90%,72.00%,376,8.40%,X,87.70%,"$431,100 ","$2,642 ","$1,246 ","$1,811 ",X,"3,905",2.66,86.10%,11.00%,95.00%,93.70%,94.80%,57.90%,4.80%,1.90%,11.00%,67.40%,"17,236",D,D,"52,887","150,906","$11,499 ",33.1,"$140,125 ","$51,340 ",3.10%,X,X,X,X,X,"1,302",742,394,91,"1,149",160,"1,068",451.1,29.88,"""3401913750"""
Closter,7624,Bergen,40.971956,-73.96166,,NA,"8,582",NA,"8,415",NA,2.00%,"8,373",5.20%,24.00%,15.40%,49.60%,58.90%,1.60%,0.00%,38.40%,0.00%,1.00%,4.00%,54.90%,205,37.00%,X,83.00%,"$658,000 ","$3,512 ","$1,471 ","$2,081 ",X,"2,764",3.08,91.40%,45.10%,96.00%,94.00%,95.60%,62.80%,4.60%,7.70%,63.40%,56.50%,"20,053","39,377","4,090","161,520","107,230","$12,618 ",35.5,"$132,544 ","$57,999 ",2.60%,X,X,X,X,X,"1,308",599,550,313,944,78,"1,151","2,646.30",3.16,"""3413810"""
Collingswood,8108,Camden,39.915263,-75.06401,,NA,"13,916",NA,"13,939",NA,-0.20%,"13,926",5.10%,19.50%,16.90%,50.80%,82.00%,12.00%,0.00%,2.00%,0.00%,2.20%,6.70%,78.40%,614,4.80%,X,50.40%,"$259,900 ","$2,137 ","$1,090 ","$1,109 ",X,"5,966",2.32,86.10%,10.60%,92.90%,84.40%,94.40%,44.90%,8.00%,6.50%,73.50%,69.20%,"27,660","94,740",D,"38,175","60,546","$4,366 ",27.7,"$70,024 ","$42,418 ",6.00%,X,X,X,X,X,"1,198",671,398,163,976,169,999,"7,639.10",1.82,"""3414260"""
Cresskill,7626,Bergen,40.942074,-73.96504,,NA,"8,775",NA,"8,551",NA,2.60%,"8,573",5.90%,27.50%,16.20%,51.50%,66.20%,0.40%,0.00%,31.90%,0.00%,1.10%,6.60%,60.50%,113,34.90%,X,83.30%,"$656,300 ","$4,000+","$1,387 ","$2,500 ",X,"2,890",3,93.00%,40.90%,94.30%,93.10%,94.80%,63.40%,4.10%,4.30%,61.80%,52.90%,"8,099","41,980",X,"86,053","71,073","$8,217 ",39.1,"$138,256 ","$63,585 ",4.10%,X,X,X,X,X,"1,122",583,353,348,764,56,"1,008","4,153.60",2.06,"""3415820"""
Dover,7801,Morris,40.889166,-74.55462,,NA,"17,961",NA,"18,157",NA,-1.10%,"18,157",4.90%,23.00%,10.20%,49.10%,61.30%,8.80%,0.20%,2.70%,0.00%,2.90%,67.60%,20.10%,589,47.00%,X,46.40%,"$265,200 ","$2,109 ",$811 ,"$1,350 ",X,"5,445",3.28,94.60%,69.50%,88.50%,83.80%,78.70%,16.70%,6.10%,26.10%,75.80%,67.40%,"20,311","90,337",D,"252,601","214,377","$11,710 ",24.6,"$70,412 ","$26,300 ",12.70%,X,X,X,X,X,"1,426",919,356,815,529,137,"1,233","6,764.90",2.68,"""3418070"""
Dumont,7628,Bergen,40.945173,-73.99342,,NA,"17,697",NA,"17,404",NA,1.70%,"17,479",5.20%,20.00%,18.00%,51.60%,73.20%,5.20%,0.10%,16.40%,0.00%,1.80%,18.70%,60.60%,741,27.60%,X,71.80%,"$365,900 ","$2,910 ","$1,216 ","$1,203 ",X,"6,373",2.77,93.70%,37.20%,88.60%,86.20%,92.40%,43.80%,4.10%,6.60%,68.80%,64.40%,"12,880","16,061",D,"8,927","73,229","$4,150 ",33.1,"$96,017 ","$44,922 ",5.20%,X,X,X,X,X,"1,397",914,359,468,878,37,"1,310","8,814.40",1.98,"""3418400"""
Dunellen,8812,Middlesex,40.594502,-74.47166,,NA,"7,272",NA,"7,227",NA,0.60%,"7,227",8.70%,25.80%,10.50%,49.80%,64.60%,11.50%,0.30%,5.90%,0.00%,1.60%,29.60%,52.20%,217,22.60%,X,68.90%,"$280,200 ","$2,604 ","$1,105 ","$1,267 ",X,"2,540",2.86,85.30%,34.80%,94.20%,92.80%,91.40%,30.90%,5.70%,13.40%,72.90%,66.10%,"5,979",D,D,D,D,NA,32.7,"$69,868 ","$33,610 ",10.20%,X,X,X,X,X,692,377,222,245,435,F,666,"6,896.00",1.05,"""3418490"""
East Orange,7017,Essex,40.770933,-74.20589,,NA,"64,457",NA,"64,169",NA,0.40%,"64,270",6.60%,23.60%,12.60%,53.90%,3.30%,85.30%,0.40%,1.10%,0.00%,1.30%,11.30%,2.10%,"1,702",26.90%,X,25.90%,"$213,700 ","$2,259 ","$1,057 ","$1,075 ",X,"23,608",2.68,84.00%,20.40%,87.20%,73.70%,86.60%,18.40%,9.70%,15.70%,66.50%,64.90%,"35,237","688,542",D,"350,190","310,051","$4,824 ",33.9,"$44,809 ","$23,724 ",19.10%,X,X,X,X,X,"4,579","1,921","2,364","4,000",486,421,"4,034","16,378.70",3.92,"""3419390"""
East Rutherford,7073,Bergen,40.830158,-74.09707,,NA,"9,764",NA,"8,913",NA,9.50%,"8,913",5.90%,18.10%,16.40%,51.20%,69.30%,6.40%,0.50%,16.70%,0.20%,2.50%,23.40%,51.90%,350,32.90%,X,36.30%,"$389,300 ","$2,413 ","$1,053 ","$1,444 ",X,"3,800",2.49,91.40%,49.20%,88.90%,82.80%,93.00%,42.70%,5.80%,11.00%,64.70%,58.80%,"118,506","35,304","267,090","449,492","296,926","$33,073 ",28.8,"$78,429 ","$36,901 ",10.70%,X,X,X,X,X,"1,089",681,300,248,761,100,906,"2,403.10",3.71,"""3419510"""
Eatontown,7724,Monmouth,40.301979,-74.06889,,NA,"12,242",NA,"12,685",NA,-3.50%,"12,709",4.60%,18.10%,16.20%,51.00%,73.40%,12.50%,0.20%,7.60%,0.00%,4.40%,14.30%,63.90%,705,20.00%,X,52.70%,"$333,500 ","$2,184 ",$939 ,"$1,184 ",X,"5,406",2.23,88.10%,23.40%,91.10%,84.90%,92.40%,34.40%,9.50%,7.40%,67.50%,65.10%,"73,248","188,587","683,732","439,374","955,164","$76,837 ",24.1,"$66,040 ","$40,979 ",9.50%,X,X,X,X,X,"1,570",938,316,363,"1,029",93,"1,294","2,181.40",5.83,"""3419840"""
Edgewater,7020,Bergen,40.830733,-73.97334,,NA,"12,720",NA,"11,516",NA,10.50%,"11,513",8.80%,19.00%,12.80%,53.20%,55.00%,4.60%,0.10%,35.10%,0.50%,2.60%,13.80%,44.00%,139,42.80%,X,32.90%,"$563,800 ","$3,107 ","$1,483 ","$2,365 ",X,"5,746",2.12,80.50%,50.90%,92.60%,89.10%,96.40%,68.90%,2.50%,8.80%,70.50%,60.30%,D,"78,700","1,704","79,233","346,406","$28,935 ",40.8,"$107,143 ","$62,427 ",8.50%,X,X,X,X,X,"1,603",780,514,609,881,68,"1,471","12,313.40",0.94,"""3420020"""
Egg Harbor City,8215,Atlantic,39.548049,-74.62171,,NA,"42,578",NA,"43,307",NA,-1.70%,"43,323",6.70%,25.20%,13.60%,53.20%,67.90%,8.50%,0.20%,11.60%,0.00%,5.00%,18.20%,59.40%,"1,755",16.40%,X,86.80%,"$213,800 ","$2,115 ",$817 ,"$1,001 ",X,"14,353",2.99,93.30%,30.70%,94.90%,86.30%,88.90%,31.80%,8.10%,8.30%,30.70%,66.60%,"81,807","225,292","69,794","184,302","1,037,875","$23,789 ",22.3,"$78,772 ","$32,515 ",10.00%,X,X,X,X,X,"3,546","1,708","1,295",939,"2,450",199,"3,196",650.5,66.6,"""3400120290"""
Elizabeth,7201,Union,40.669502,-74.19889,,NA,"128,885",NA,"124,972",NA,3.10%,"124,969",7.60%,26.60%,9.90%,49.70%,45.00%,18.60%,0.50%,2.00%,0.00%,3.70%,64.50%,13.30%,"1,680",46.20%,X,24.40%,"$273,700 ","$2,511 ","$1,139 ","$1,146 ",X,"40,394",3.12,87.40%,74.80%,83.50%,73.10%,73.90%,13.20%,6.70%,23.90%,69.10%,62.20%,"206,476","554,858","935,403","2,824,024","1,489,177","$11,776 ",26.6,"$46,975 ","$20,459 ",18.40%,X,X,X,X,X,"11,483","6,524","4,105","7,727","3,319",592,"10,518","10,144.40",12.32,"""3421000"""
Elmwood Park,7407,Bergen,40.905639,-74.1199,,NA,"20,120",NA,"19,488",NA,3.20%,"19,403",5.80%,21.90%,15.10%,52.20%,73.50%,7.50%,0.20%,8.70%,0.10%,3.80%,26.50%,54.40%,506,31.00%,X,56.00%,"$353,100 ","$2,660 ","$1,017 ","$1,572 ",X,"6,890",2.91,93.90%,49.50%,89.50%,85.50%,90.30%,28.60%,5.60%,7.70%,67.90%,64.90%,"25,072",D,"450,806","337,641","168,659","$8,480 ",25.1,"$77,887 ","$31,390 ",7.90%,X,X,X,X,X,"1,992","1,282",512,582,"1,356",116,"1,809","7,327.40",2.65,"""3421300"""
Emerson,7630,Bergen,40.97514,-74.02725,,NA,"7,643",NA,"7,386",NA,3.50%,"7,401",5.80%,23.50%,18.70%,54.30%,84.00%,0.60%,0.00%,10.50%,0.00%,4.60%,18.90%,69.30%,344,20.90%,X,83.20%,"$486,100 ","$3,065 ","$1,325 ","$1,896 ",X,"2,509",2.94,90.60%,27.30%,95.20%,93.00%,91.60%,40.80%,6.70%,5.00%,62.70%,58.70%,"6,357","87,301",D,"19,721","132,282","$17,166 ",30.6,"$123,808 ","$45,446 ",4.50%,X,X,X,X,X,989,578,371,247,725,34,938,"3,359.50",2.2,"""3421450"""
Englewood,7631,Bergen,40.893343,-73.9758,,NA,"28,624",NA,"27,111",NA,5.60%,"27,147",5.50%,21.20%,15.90%,52.20%,52.60%,29.40%,0.40%,8.40%,0.00%,3.80%,27.40%,33.60%,845,35.10%,X,52.80%,"$393,600 ","$2,759 ","$1,134 ","$1,423 ",X,"10,648",2.64,91.30%,36.00%,93.20%,85.40%,90.20%,43.90%,4.40%,15.40%,69.10%,62.80%,"54,189","777,446","667,674","577,939","1,036,965","$37,564 ",33.9,"$84,342 ","$48,732 ",11.80%,X,X,X,X,X,"4,360","2,459","1,360","1,505","2,603",287,"3,794","5,524.40",4.91,"""3421480"""
Englewood Cliffs,7632,Bergen,40.883749,-73.95173,,NA,"5,385",NA,"5,307",NA,1.50%,"5,281",4.10%,23.90%,25.10%,50.70%,52.60%,1.40%,0.20%,42.00%,0.40%,3.40%,7.60%,46.80%,141,44.20%,X,86.50%,"$1,041,200 ","$3,984 ","$1,473 ","$3,259 ",X,"1,779",2.99,93.10%,56.70%,96.40%,90.60%,94.80%,65.60%,2.00%,6.90%,55.40%,43.30%,"17,722",D,"31,921","8,335,269","268,554","$50,319 ",37.8,"$145,729 ","$71,710 ",1.70%,X,X,X,X,X,"1,407",727,415,439,798,123,"1,116","2,528.00",2.09,"""3421510"""
Fair Haven,7704,Monmouth,40.360581,-74.03738,,NA,"5,820",NA,"6,112",NA,-4.80%,"6,121",6.30%,34.20%,11.50%,51.70%,95.30%,3.00%,0.00%,0.90%,0.00%,0.50%,2.50%,93.10%,162,3.50%,X,90.20%,"$708,100 ","$3,539 ","$1,500+","$2,625 ",X,"1,864",3.19,85.80%,5.60%,98.10%,97.30%,98.20%,72.10%,3.20%,2.20%,68.10%,57.30%,"6,025","6,766",X,D,"24,271","$3,987 ",44.5,"$170,625 ","$70,488 ",3.70%,X,X,X,X,X,543,316,183,82,453,F,516,"3,832.80",1.6,"""3422440"""
Fair Lawn,7410,Bergen,40.933943,-74.11671,,NA,"33,128",NA,"32,388",NA,2.30%,"32,457",4.70%,22.20%,16.40%,52.40%,82.90%,1.90%,0.10%,12.50%,0.00%,1.70%,13.80%,71.50%,834,29.50%,X,80.10%,"$409,700 ","$2,776 ","$1,180 ","$1,629 ",X,"11,463",2.87,91.40%,41.20%,94.50%,91.60%,94.70%,54.20%,4.40%,5.20%,69.20%,63.60%,"49,378","243,988","529,091","180,031","482,439","$14,687 ",32.7,"$115,512 ","$47,509 ",3.50%,X,X,X,X,X,"3,752","2,290","1,092",505,"3,144",215,"3,414","6,315.80",5.14,"""3422470"""
Fairview,7022,Bergen,40.816737,-74.00082,,NA,"14,295",NA,"13,830",NA,3.40%,"13,835",7.50%,17.40%,14.50%,52.60%,75.50%,3.90%,0.50%,5.70%,0.00%,2.70%,61.60%,27.90%,239,53.00%,X,33.80%,"$354,300 ","$2,551 ","$1,060 ","$1,384 ",X,"5,393",2.64,93.80%,72.80%,84.00%,78.20%,71.50%,20.00%,3.40%,28.20%,67.90%,56.20%,"18,317","7,537","26,350","132,823","124,134","$8,731 ",32.9,"$57,706 ","$27,560 ",12.90%,X,X,X,X,X,"1,727",880,739,909,797,66,"1,606","16,431.10",0.84,"""3422560"""
Fanwood,7023,Union,40.641852,-74.38533,,NA,"7,704",NA,"7,307",NA,5.40%,"7,318",5.80%,28.00%,15.90%,53.50%,86.20%,3.60%,0.00%,6.20%,0.00%,4.10%,8.00%,80.30%,264,13.20%,X,87.60%,"$450,200 ","$2,912 ","$1,298 ","$2,811 ",X,"2,544",2.94,89.60%,13.90%,94.10%,92.30%,99.00%,63.70%,2.40%,4.20%,66.90%,61.90%,D,D,X,D,"34,346","$4,635 ",39.4,"$133,452 ","$54,436 ",2.50%,X,X,X,X,X,629,340,231,88,522,39,546,"5,453.10",1.34,"""3422860"""
Florham Park,7932,Morris,40.77835,-74.39009,,NA,"11,594",NA,"11,736",NA,-1.20%,"11,696",5.90%,16.50%,19.70%,51.40%,82.80%,4.40%,0.20%,11.00%,0.00%,1.20%,7.00%,76.30%,505,14.00%,X,69.70%,"$632,600 ","$3,196 ","$1,178 ","$2,347 ",X,"4,021",2.52,88.90%,17.80%,93.40%,92.10%,96.20%,69.20%,4.80%,2.30%,64.80%,60.90%,"44,918","86,359","314,925","453,889","123,153","$10,384 ",27.6,"$127,695 ","$59,940 ",7.40%,X,X,X,X,X,"1,559",854,505,184,"1,237",111,"1,303","1,604.80",7.29,"""3423910"""
Fort Lee,7024,Bergen,40.849879,-73.97501,,NA,"37,921",NA,"35,402",NA,7.10%,"35,345",5.40%,16.60%,24.70%,53.00%,49.80%,2.50%,0.20%,42.50%,0.10%,2.70%,14.30%,39.60%,801,51.50%,X,58.40%,"$323,800 ","$2,637 ","$1,051 ","$1,800 ",X,"17,004",2.17,90.60%,58.80%,91.00%,84.60%,94.00%,58.90%,2.70%,12.20%,60.20%,51.50%,"88,235","216,123",D,"13,212,025","350,420","$9,807 ",38.8,"$78,093 ","$48,550 ",11.40%,X,X,X,X,X,"5,539","2,879","2,075","2,218","3,114",315,"5,046","13,909.90",2.54,"""3424420"""
Franklin Lakes,7417,Bergen,41.010433,-74.20847,,NA,"11,096",NA,"10,582",NA,4.90%,"10,590",3.50%,22.30%,20.90%,50.10%,85.00%,2.40%,0.00%,8.60%,0.20%,1.60%,8.30%,78.90%,437,19.50%,X,87.90%,"$955,000 ","$4,000+","$1,500+","$2,564 ",X,"3,758",2.89,92.50%,30.60%,96.20%,96.30%,98.30%,65.90%,3.80%,2.40%,61.30%,54.60%,"17,305",D,D,"572,703",D,NA,32.4,"$159,883 ","$80,051 ",1.20%,X,X,X,X,X,"1,405",751,428,237,"1,131",159,"1,093","1,129.10",9.38,"""3424990"""
Freehold,7728,Monmouth,40.241036,-74.27629,,NA,"11,767",NA,"12,049",NA,-2.30%,"12,052",7.20%,25.60%,12.10%,48.90%,67.70%,11.50%,1.20%,2.80%,0.00%,2.10%,46.20%,39.00%,443,30.80%,X,47.60%,"$293,800 ","$2,147 ",$892 ,"$1,417 ",X,"4,108",2.87,91.40%,47.40%,85.20%,76.60%,71.50%,20.70%,5.30%,23.50%,72.10%,63.80%,"29,403","37,019",D,"98,269","364,336","$30,118 ",24.8,"$56,466 ","$27,880 ",16.10%,X,X,X,X,X,843,541,173,204,589,38,756,"6,180.50",1.95,"""3425200"""
Garfield,7026,Bergen,40.879858,-74.10807,,NA,"31,866",NA,"30,494",NA,4.50%,"30,487",6.50%,22.80%,11.20%,52.20%,83.20%,4.20%,0.10%,2.70%,0.10%,3.40%,36.50%,55.40%,692,41.70%,X,38.20%,"$333,900 ","$2,339 ",$982 ,"$1,283 ",X,"11,293",2.79,93.20%,60.60%,89.50%,82.00%,85.80%,20.00%,6.60%,18.10%,63.70%,56.90%,"28,926","20,267","145,957","222,991","213,119","$6,903 ",27.2,"$57,161 ","$27,484 ",16.60%,X,X,X,X,X,"2,755","1,615",911,758,"1,945",200,"2,488","14,524.50",2.1,"""3425770"""
Glen Ridge,7028,Essex,40.80495,-74.2047,,NA,"7,598",NA,"7,509",NA,1.20%,"7,527",3.90%,32.50%,10.00%,49.50%,80.90%,5.70%,0.00%,5.70%,0.00%,7.30%,8.70%,73.70%,250,13.40%,X,94.30%,"$644,900 ","$4,000+","$1,500+","$1,627 ",X,"2,423",3.11,92.80%,15.00%,96.40%,94.70%,97.60%,73.00%,3.30%,1.90%,71.00%,61.10%,D,D,X,D,D,NA,41.7,"$213,801 ","$87,791 ",3.90%,X,X,X,X,X,971,486,439,142,792,41,919,"5,871.30",1.28,"""3426610"""
Glen Rock,7452,Bergen,40.961109,-74.12576,,NA,"11,829",NA,"11,584",NA,2.10%,"11,601",7.60%,29.60%,13.60%,49.70%,84.30%,1.40%,0.40%,9.70%,0.20%,3.60%,7.20%,77.90%,361,12.10%,X,94.80%,"$631,900 ","$3,746 ","$1,500+","$1,705 ",X,"3,781",3.12,89.90%,16.00%,95.20%,93.60%,98.00%,73.70%,2.70%,1.40%,67.50%,56.30%,"12,489","31,673",D,"399,729","90,994","$7,712 ",39.9,"$166,450 ","$66,702 ",3.10%,X,X,X,X,X,"1,514",878,504,173,"1,294",98,"1,357","4,274.50",2.71,"""3426640"""
Gloucester City,8030,Camden,39.891113,-75.11836,,NA,"11,244",NA,"11,453",NA,-1.80%,"11,456",8.60%,26.60%,11.00%,54.60%,78.30%,4.30%,0.20%,4.70%,0.00%,1.40%,12.20%,77.30%,535,5.40%,X,67.30%,"$122,300 ","$1,402 ",$726 ,"$1,171 ",X,"3,981",2.82,85.40%,12.40%,86.40%,79.40%,88.20%,18.50%,13.70%,9.20%,64.90%,59.90%,"8,206","5,149","22,008",D,"64,866","$5,670 ",23.3,"$55,554 ","$24,479 ",11.80%,X,X,X,X,X,400,224,140,28,351,28,336,"4,937.90",2.32,"""3426820"""
Hackensack,7601,Bergen,40.888678,-74.0488,,NA,"44,522",NA,"43,014",NA,3.50%,"43,010",7.10%,17.90%,14.20%,51.60%,48.30%,25.00%,0.30%,10.80%,0.00%,3.50%,38.10%,26.70%,"1,310",39.30%,X,33.50%,"$298,500 ","$2,362 ","$1,101 ","$1,390 ",X,"18,732",2.3,84.20%,48.00%,89.90%,86.40%,87.40%,36.30%,6.30%,17.80%,68.90%,63.40%,D,"2,250,344","233,221","1,878,332","1,208,698","$27,568 ",31.4,"$67,188 ","$34,728 ",12.90%,X,X,X,X,X,"5,912","3,525","1,854","1,902","3,678",525,"4,990","10,289.50",4.18,"""3428680"""
Hackettstown,7840,Warren,40.861748,-74.83054,,NA,"9,463",NA,"9,718",NA,-2.60%,"9,724",5.80%,20.40%,16.80%,51.60%,84.10%,3.30%,0.10%,4.30%,0.10%,1.70%,17.70%,73.60%,536,17.50%,X,54.80%,"$273,600 ","$2,384 ",$987 ,"$1,143 ",X,"3,432",2.55,87.80%,23.60%,90.30%,84.90%,91.10%,34.70%,7.90%,12.70%,69.20%,62.70%,D,D,D,D,"263,169","$26,939 ",29,"$67,273 ","$34,829 ",12.20%,X,X,X,X,X,827,457,257,124,644,77,690,"2,695.90",3.61,"""3428710"""
Haddon Heights,8035,Camden,39.87913,-75.06599,,NA,"7,541",NA,"7,465",NA,1.00%,"7,473",6.10%,20.80%,20.20%,53.20%,94.40%,1.20%,0.00%,1.40%,0.00%,1.40%,2.70%,93.40%,442,2.60%,X,81.40%,"$287,600 ","$2,392 ","$1,055 ",$885 ,X,"2,969",2.52,91.10%,4.30%,90.60%,87.40%,95.40%,54.60%,6.20%,4.70%,67.70%,61.20%,"3,949","106,856",X,D,"30,316","$3,983 ",27.3,"$95,230 ","$46,939 ",5.50%,X,X,X,X,X,681,228,289,F,605,56,551,"4,762.90",1.57,"""3428800"""
Haddonfield,8033,Camden,39.895213,-75.04019,,NA,"11,345",NA,"11,616",NA,-2.30%,"11,593",5.90%,28.00%,17.20%,50.20%,94.70%,0.60%,0.00%,2.40%,0.00%,1.90%,3.90%,91.70%,480,4.10%,X,86.10%,"$508,100 ","$3,398 ","$1,500+","$1,296 ",X,"4,200",2.7,90.10%,4.10%,95.20%,93.60%,99.30%,76.50%,3.10%,1.60%,66.60%,57.80%,"15,015","57,044",D,"23,567","45,645","$3,943 ",28.1,"$145,850 ","$73,469 ",1.70%,X,X,X,X,X,"1,624","1,065",464,128,"1,457",129,"1,433","4,105.20",2.82,"""3428770"""
Haledon,7508,Passaic,40.945198,-74.18286,,NA,"8,316",NA,"8,322",NA,-0.10%,"8,318",5.00%,22.10%,11.90%,53.30%,70.10%,12.90%,0.10%,1.90%,0.00%,2.30%,44.80%,37.30%,176,33.60%,X,46.00%,"$268,800 ","$2,404 ","$1,137 ","$1,383 ",X,"2,722",3.05,92.80%,55.60%,91.40%,84.80%,88.60%,27.50%,5.60%,13.90%,66.10%,61.30%,"9,125","5,817",D,D,"45,269","$5,297 ",26.5,"$64,057 ","$29,145 ",16.00%,X,X,X,X,X,630,401,196,220,373,91,527,"7,201.70",1.16,"""3429070"""
Hammonton,8037,Atlantic,39.625291,-74.77705,,NA,"14,085",NA,"14,767",NA,-4.60%,"14,791",3.00%,23.20%,18.30%,51.10%,82.10%,3.10%,0.10%,1.00%,0.10%,3.90%,21.40%,74.10%,780,10.50%,X,71.00%,"$246,600 ","$2,066 ",$921 ,"$1,182 ",X,"5,127",2.66,92.70%,24.30%,87.50%,80.80%,85.80%,25.20%,9.10%,12.80%,64.70%,59.00%,"19,977","56,433",D,"351,956","283,742","$19,235 ",28.5,"$71,313 ","$34,096 ",11.30%,X,X,X,X,X,"1,317",860,304,194,"1,055",70,"1,100",361.8,40.89,"""3429430"""
Harrison,7029,Hudson,40.745951,-74.15509,,NA,"17,836",NA,"13,541",NA,31.70%,"13,620",7.10%,21.50%,9.20%,49.90%,51.30%,3.70%,0.40%,21.20%,0.00%,2.80%,45.80%,30.10%,235,53.60%,X,27.40%,"$330,200 ","$2,577 ","$1,119 ","$1,398 ",X,"5,873",2.75,84.10%,73.80%,93.30%,85.90%,82.80%,37.80%,5.70%,17.90%,70.80%,64.00%,D,D,"63,356","285,390","145,264","$10,470 ",34.9,"$65,550 ","$31,352 ",15.80%,X,X,X,X,X,"1,336",763,443,622,676,43,"1,262","11,321.70",1.2,"""3430210"""
Hasbrouck Heights,7604,Bergen,40.86289,-74.07506,,NA,"12,080",NA,"11,865",NA,1.80%,"11,842",3.70%,20.30%,17.10%,50.40%,74.00%,5.80%,0.30%,15.90%,0.00%,1.10%,13.90%,64.10%,393,26.70%,X,64.70%,"$416,800 ","$2,884 ","$1,268 ","$1,396 ",X,"4,239",2.85,95.00%,35.40%,91.20%,89.10%,93.00%,42.20%,6.40%,9.90%,66.70%,61.40%,D,"29,382","6,361","305,421","147,816","$12,384 ",28.3,"$91,911 ","$41,359 ",8.40%,X,X,X,X,X,"1,308",815,360,302,937,72,"1,139","7,863.20",1.51,"""3430420"""
Hawthorne,7506,Passaic,40.957498,-74.15627,,NA,"18,786",NA,"18,786",NA,0.00%,"18,791",6.10%,21.10%,15.50%,49.20%,88.40%,3.40%,0.00%,1.10%,0.00%,2.90%,24.20%,70.10%,560,15.60%,X,60.40%,"$371,700 ","$2,667 ","$1,178 ","$1,478 ",X,"6,963",2.7,92.10%,27.30%,92.40%,88.60%,90.70%,36.80%,4.80%,7.90%,72.60%,64.90%,"16,815",D,"254,928","331,586","260,128","$13,772 ",26,"$96,250 ","$42,050 ",4.30%,X,X,X,X,X,"2,092","1,258",513,286,"1,658",248,"1,662","5,636.20",3.33,"""3430570"""
Highland Park,8904,Middlesex,40.500254,-74.4257,,NA,"13,869",NA,"13,982",NA,-0.80%,"13,982",4.80%,22.00%,11.90%,52.40%,67.40%,10.10%,0.20%,13.80%,0.00%,3.90%,16.30%,57.60%,316,27.70%,X,42.40%,"$362,600 ","$2,706 ","$1,263 ","$1,427 ",X,"5,608",2.49,85.00%,37.40%,94.50%,93.40%,96.40%,69.20%,5.50%,5.10%,72.10%,67.20%,"10,317","49,202","4,810",D,"68,219","$4,771 ",30,"$80,846 ","$45,349 ",10.50%,X,X,X,X,X,"1,320",721,424,195,"1,091",67,"1,153","7,729.10",1.81,"""3431470"""
Hightstown,8520,Mercer,40.262809,-74.53246,,NA,"5,315",NA,"5,523",NA,-3.80%,"5,494",7.30%,20.10%,17.00%,53.40%,77.50%,10.30%,0.00%,6.40%,0.00%,0.00%,31.00%,50.40%,139,28.70%,X,61.30%,"$278,000 ","$2,283 ","$1,018 ","$1,401 ",X,"1,951",2.72,91.50%,35.40%,89.60%,80.20%,82.40%,42.20%,4.10%,20.60%,64.10%,58.50%,D,D,D,D,"33,272","$5,996 ",25.4,"$78,079 ","$41,930 ",14.10%,X,X,X,X,X,659,432,171,183,461,47,597,"4,536.70",1.21,"""3431620"""
Hillsdale,7642,Bergen,41.007389,-74.04247,,NA,"10,405",NA,"10,202",NA,2.00%,"10,219",4.40%,24.30%,16.40%,51.80%,85.70%,2.90%,0.20%,8.50%,0.00%,1.80%,7.10%,79.90%,283,14.20%,X,85.80%,"$552,100 ","$3,373 ","$1,417 ","$1,395 ",X,"3,602",2.88,91.20%,17.50%,96.10%,91.00%,95.80%,53.00%,3.00%,3.50%,68.00%,64.10%,"16,850","8,826",D,D,"117,806","$11,387 ",33.8,"$140,694 ","$54,346 ",4.50%,X,X,X,X,X,"1,016",540,349,84,911,81,907,"3,465.20",2.95,"""3431920"""
Hoboken,7030,Hudson,40.744851,-74.03294,,NA,"53,455",NA,"50,015",NA,6.90%,"50,005",7.00%,13.50%,6.40%,50.30%,82.30%,3.10%,0.00%,9.10%,0.00%,3.40%,15.80%,70.80%,942,16.50%,X,32.70%,"$693,400 ","$3,473 ","$1,500+","$2,231 ",X,"25,132",2.06,78.20%,21.30%,93.90%,92.80%,94.40%,78.70%,3.70%,3.40%,79.60%,76.20%,D,"246,872","33,923","396,834","314,139","$6,037 ",39.6,"$136,402 ","$86,413 ",9.10%,X,X,X,X,X,"5,946","3,162","2,050","1,025","4,721",324,"5,415","39,219.60",1.28,"""3432250"""
Hopatcong,7843,Sussex,40.937206,-74.66147,,NA,"14,203",NA,"15,140",NA,-6.20%,"15,147",5.10%,18.60%,13.70%,50.70%,89.10%,3.90%,0.00%,3.80%,0.00%,1.40%,14.00%,78.90%,788,12.50%,X,83.30%,"$240,300 ","$2,126 ",$930 ,"$1,382 ",X,"5,570",2.57,93.00%,18.00%,94.40%,91.80%,95.30%,28.40%,8.70%,6.40%,72.00%,65.70%,"4,104","3,842",D,D,"35,913","$2,406 ",37.5,"$84,213 ","$39,563 ",3.60%,X,X,X,X,X,"1,099",654,332,133,959,167,910,"1,395.50",10.85,"""3432910"""
Hopewell,8525,Mercer,40.386902,-74.78112,,NA,"17,978",NA,"18,307",NA,-1.80%,"17,304",4.70%,21.20%,16.60%,50.30%,83.40%,4.80%,0.00%,8.20%,0.00%,2.80%,5.00%,80.10%,832,10.40%,X,90.80%,"$450,900 ","$3,186 ","$1,301 ","$1,623 ",X,"6,547",2.69,91.70%,13.90%,96.20%,93.20%,95.00%,66.60%,4.20%,2.00%,13.90%,61.90%,"10,786",D,D,D,"64,985","$3,759 ",29.5,"$132,813 ","$69,342 ",2.40%,X,X,X,X,X,"1,475",800,451,247,"1,194",48,"1,379",298.2,58.03,"""3402133180"""
Jersey City,7097,Hudson,40.73276,-74.075485,,NA,"265,549",NA,"247,639",NA,7.20%,"247,597",7.80%,20.80%,10.60%,50.60%,35.00%,23.90%,0.50%,25.10%,0.10%,3.30%,29.10%,21.00%,"4,203",41.40%,X,28.70%,"$362,100 ","$2,698 ","$1,045 ","$1,334 ",X,"101,007",2.56,83.80%,53.40%,89.90%,83.70%,86.80%,46.10%,7.00%,14.10%,68.10%,60.90%,"422,529","1,073,908","857,582","12,481,747","2,568,076","$10,093 ",37.1,"$65,923 ","$38,477 ",18.30%,X,X,X,X,X,"23,681","12,383","9,196","13,600","8,993","1,204","21,509","16,736.30",14.79,"""3436000"""
Keansburg,7734,Monmouth,40.444407,-74.13298,,NA,"9,719",NA,"10,097",NA,-3.70%,"10,105",5.00%,20.90%,13.50%,53.00%,81.10%,8.40%,0.40%,2.30%,0.00%,3.40%,13.00%,73.20%,581,9.60%,X,52.80%,"$190,500 ","$1,748 ",$953 ,"$1,212 ",X,"4,029",2.39,84.40%,17.00%,84.00%,69.60%,81.40%,18.00%,13.50%,6.70%,64.90%,64.00%,"6,906","19,889",D,D,"19,474","$1,945 ",36.3,"$46,725 ","$30,305 ",25.00%,X,X,X,X,X,351,205,101,81,233,37,277,"9,452.80",1.07,"""3436480"""
Kearny,7032,Hudson,40.763051,-74.13718,,NA,"41,422",NA,"40,714",NA,1.70%,"40,684",6.10%,21.30%,12.90%,48.90%,67.90%,4.60%,0.30%,4.70%,0.00%,4.30%,50.20%,39.10%,"1,051",43.50%,X,47.20%,"$323,400 ","$2,520 ","$1,201 ","$1,243 ",X,"13,581",2.94,90.30%,63.30%,91.40%,85.60%,81.80%,26.20%,6.60%,15.40%,65.50%,62.30%,"33,164","59,544","617,149","2,672,380","402,906","$9,735 ",31.3,"$67,348 ","$27,328 ",11.00%,X,X,X,X,X,"3,536","1,788","1,350","1,573","1,754",184,"3,113","4,636.40",8.78,"""3436510"""
Kenilworth,7033,Union,40.674652,-74.2908,,NA,"8,220",NA,"7,914",NA,3.90%,"7,914",3.50%,21.60%,17.40%,50.20%,80.10%,2.10%,0.20%,5.10%,0.00%,4.80%,23.00%,67.10%,356,19.60%,X,79.70%,"$346,000 ","$2,440 ","$1,055 ","$1,415 ",X,"2,828",2.88,98.90%,35.00%,92.90%,85.40%,88.80%,28.70%,3.90%,8.50%,62.80%,57.10%,"19,648",D,"2,143,627","312,751","67,256","$8,381 ",29,"$98,624 ","$48,455 ",7.10%,X,X,X,X,X,907,680,120,127,726,101,727,"3,669.00",2.16,"""3436690"""
Keyport,7735,Monmouth,40.439714,-74.19374,,NA,"7,053",NA,"7,220",NA,-2.30%,"7,240",6.00%,19.20%,17.10%,50.00%,76.40%,6.50%,0.00%,4.10%,0.00%,3.20%,17.80%,68.90%,307,13.90%,X,49.80%,"$258,600 ","$2,054 ",$935 ,"$1,081 ",X,"3,026",2.32,89.40%,21.90%,83.60%,72.80%,87.20%,21.30%,10.40%,16.10%,64.60%,54.10%,"11,853","10,582",D,"18,200","122,159","$16,889 ",28.5,"$56,000 ","$32,380 ",12.80%,X,X,X,X,X,565,291,192,141,407,32,500,"5,190.00",1.4,"""3436810"""
Lebanon,8833,Hunterdon,40.643314,-74.82345,,NA,"6,089",NA,"6,327",NA,-3.80%,"6,588",2.40%,17.60%,17.40%,50.20%,94.90%,0.60%,0.00%,1.50%,0.00%,2.90%,4.70%,90.20%,334,3.50%,X,92.40%,"$358,500 ","$2,327 ",$885 ,"$1,232 ",X,"2,380",2.53,93.40%,5.30%,95.30%,91.40%,96.80%,53.70%,5.90%,1.90%,5.30%,69.40%,D,D,X,D,"11,941","$1,844 ",34.5,"$112,359 ","$53,658 ",2.40%,X,X,X,X,X,528,272,172,F,511,F,484,209.4,31.46,"""3401939660"""
Leonia,7605,Bergen,40.862685,-73.98551,,NA,"9,110",NA,"8,944",NA,1.90%,"8,937",4.40%,22.20%,17.50%,51.50%,50.80%,3.10%,0.00%,40.10%,0.00%,4.60%,17.60%,37.30%,341,40.90%,X,59.60%,"$495,900 ","$3,403 ","$1,500+","$1,403 ",X,"3,338",2.73,93.70%,53.70%,92.20%,87.60%,92.30%,55.80%,3.30%,14.30%,63.30%,57.10%,"5,403","6,817",D,"98,424","118,330","$13,122 ",33.6,"$96,131 ","$47,892 ",8.50%,X,X,X,X,X,"1,079",505,454,447,613,61,"1,000","5,818.40",1.54,"""3440020"""
Lincoln Park,7035,Morris,40.923233,-74.29376,,NA,"10,246",NA,"10,539",NA,-2.80%,"10,521",4.40%,19.00%,18.10%,51.70%,90.80%,2.40%,0.00%,3.20%,0.00%,2.10%,12.70%,80.90%,422,14.20%,X,76.20%,"$331,600 ","$2,401 ","$1,170 ","$1,651 ",X,"3,587",2.68,90.50%,21.90%,94.50%,86.60%,93.40%,37.00%,6.30%,6.30%,65.40%,61.60%,"7,342","113,808","35,910","170,387","116,552","$11,075 ",28.6,"$92,346 ","$35,835 ",3.40%,X,X,X,X,X,"1,061",621,372,83,955,26,972,"1,649.10",6.38,"""3440290"""
Linden,7036,Union,40.633953,-74.25339,,NA,"42,538",NA,"40,525",NA,5.00%,"40,499",5.60%,21.40%,14.10%,52.20%,52.70%,31.20%,0.50%,3.40%,0.10%,3.00%,30.30%,33.40%,"1,063",34.00%,X,56.90%,"$276,700 ","$2,393 ","$1,066 ","$1,262 ",X,"14,434",2.89,88.80%,50.90%,87.40%,78.90%,86.00%,22.50%,7.40%,12.90%,67.10%,62.50%,"62,075","121,849","14,465,725","2,144,045","843,192","$20,626 ",30.1,"$68,870 ","$29,259 ",9.20%,X,X,X,X,X,"4,384","2,767","1,242","1,801","2,398",233,"3,979","3,793.80",10.68,"""3440350"""
Linwood,8221,Atlantic,39.348616,-74.57387,,NA,"6,740",NA,"7,095",NA,-5.00%,"7,092",5.30%,21.80%,21.10%,52.80%,90.50%,1.50%,0.00%,4.40%,0.20%,2.50%,5.90%,87.00%,347,6.80%,X,86.10%,"$284,100 ","$2,638 ","$1,228 ","$1,566 ",X,"2,491",2.68,90.40%,11.30%,92.50%,88.80%,95.90%,49.80%,7.10%,3.80%,64.70%,59.40%,"4,863","94,767",D,D,"15,961","$2,251 ",22.2,"$95,034 ","$46,492 ",2.10%,X,X,X,X,X,"1,052",610,299,70,950,107,884,"1,834.90",3.87,"""3440530"""
Little Ferry,7643,Bergen,40.850621,-74.04112,,NA,"10,822",NA,"10,638",NA,1.70%,"10,626",5.40%,15.20%,14.00%,51.70%,64.00%,2.40%,0.00%,25.70%,0.10%,2.90%,29.70%,40.50%,221,44.80%,X,40.20%,"$316,600 ","$2,399 ","$1,143 ","$1,326 ",X,"4,308",2.51,84.20%,61.10%,92.30%,86.50%,86.90%,31.50%,4.30%,19.00%,68.70%,59.80%,"16,205","3,485","117,080","534,113","167,178","$15,580 ",29.1,"$61,144 ","$32,696 ",10.30%,X,X,X,X,X,925,647,217,467,408,25,849,"7,199.20",1.48,"""3440680"""
Little Silver,7739,Monmouth,40.33517,-74.04059,,NA,"5,813",NA,"5,952",NA,-2.30%,"5,950",4.90%,27.10%,19.60%,53.20%,98.50%,0.30%,0.00%,0.80%,0.20%,0.20%,5.20%,93.50%,287,8.00%,X,92.50%,"$595,100 ","$3,329 ","$1,370 ","$2,308 ",X,"2,099",2.79,90.80%,7.30%,99.40%,98.70%,99.30%,69.10%,2.60%,2.90%,61.50%,49.70%,"6,970","71,199",D,"26,648","208,583","$34,868 ",39.9,"$162,232 ","$82,339 ",1.40%,X,X,X,X,X,957,661,225,96,845,102,831,"2,197.20",2.71,"""3440770"""
Lodi,7644,Bergen,40.877999,-74.08265,,NA,"24,551",NA,"24,113",NA,1.80%,"24,136",5.60%,19.40%,14.00%,51.10%,74.70%,7.50%,0.10%,10.30%,0.00%,2.50%,36.30%,46.90%,628,39.20%,X,40.70%,"$376,200 ","$2,715 ","$1,241 ","$1,316 ",X,"8,927",2.73,88.90%,55.90%,91.00%,87.90%,84.70%,24.60%,6.40%,13.50%,67.60%,62.30%,"20,221",D,D,"207,472","312,558","$12,831 ",26.3,"$60,651 ","$30,101 ",10.70%,X,X,X,X,X,"2,552","1,520",759,869,"1,634",147,"2,287","10,656.10",2.27,"""3441100"""
Long Branch,7740,Monmouth,40.297932,-73.99097,,NA,"30,406",NA,"30,717",NA,-1.00%,"30,719",6.90%,22.70%,15.10%,49.90%,67.00%,14.90%,0.10%,2.50%,0.00%,2.70%,30.40%,51.40%,951,30.70%,X,43.90%,"$353,200 ","$2,282 ","$1,139 ","$1,290 ",X,"11,896",2.56,88.90%,43.60%,88.30%,78.40%,83.00%,28.90%,7.90%,24.50%,67.70%,59.70%,"88,477","485,638",D,"73,307","268,677","$8,767 ",29.2,"$58,232 ","$32,957 ",19.10%,X,X,X,X,X,"2,802","1,744",829,834,"1,861",181,"2,511","5,824.60",5.27,"""3441310"""
Madison,7940,Morris,40.75875,-74.41609,,NA,"16,522",NA,"15,813",NA,4.50%,"15,845",5.50%,24.30%,13.80%,52.30%,85.60%,4.10%,0.00%,6.50%,0.10%,2.40%,10.40%,77.60%,485,15.60%,X,68.20%,"$712,500 ","$3,583 ","$1,349 ","$1,674 ",X,"5,456",2.68,90.30%,19.20%,92.60%,90.30%,96.10%,68.60%,3.60%,3.50%,65.90%,61.60%,"43,383","51,123",D,"10,359","377,541","$23,409 ",29.5,"$133,125 ","$67,168 ",6.00%,X,X,X,X,X,"2,287","1,210",833,432,"1,700",150,"1,988","3,768.10",4.21,"""3442510"""
Manville,8835,Somerset,40.538903,-74.59222,,NA,"10,234",NA,"10,344",NA,-1.10%,"10,344",6.00%,22.30%,15.20%,53.10%,87.90%,3.60%,0.00%,2.60%,0.10%,1.30%,22.70%,69.40%,354,19.00%,X,66.20%,"$253,800 ","$2,027 ",$944 ,"$1,351 ",X,"3,785",2.72,94.20%,24.10%,82.80%,79.60%,91.10%,15.60%,8.30%,17.70%,69.80%,63.90%,"8,919",D,"3,955",D,"83,966","$8,074 ",24.6,"$69,654 ","$29,570 ",9.00%,X,X,X,X,X,587,380,167,169,393,52,505,"4,381.20",2.36,"""3443620"""
Margate City,8402,Atlantic,39.329416,-74.50661,,NA,"5,959",NA,"6,354",NA,-6.20%,"6,354",2.80%,9.60%,39.00%,51.90%,93.60%,1.90%,0.30%,1.60%,0.10%,2.00%,2.50%,91.70%,494,6.60%,X,82.10%,"$485,700 ","$2,613 ","$1,074 ","$1,279 ",X,"3,053",1.99,86.80%,8.70%,89.60%,82.60%,95.30%,49.40%,6.20%,7.70%,55.00%,47.10%,"26,929",D,X,D,"52,190","$8,247 ",26.8,"$79,375 ","$58,066 ",6.30%,X,X,X,X,X,722,395,214,29,677,86,619,"4,490.50",1.42,"""3443890"""
Matawan,7747,Monmouth,40.411102,-74.23767,,NA,"8,736",NA,"8,845",NA,-1.20%,"8,810",6.10%,22.20%,14.30%,50.80%,82.20%,7.80%,0.00%,7.50%,0.00%,2.30%,11.10%,72.60%,309,13.20%,X,65.20%,"$339,200 ","$2,551 ","$1,139 ","$1,450 ",X,"3,425",2.55,87.60%,16.00%,93.80%,88.00%,94.10%,44.20%,7.40%,5.80%,71.10%,64.40%,"19,550","42,026",D,"59,696","143,659","$16,396 ",37,"$94,375 ","$42,615 ",6.80%,X,X,X,X,X,912,525,282,145,727,46,806,"3,896.50",2.26,"""3444520"""
Maywood,7607,Bergen,40.90503,-74.06279,,NA,"9,694",NA,"9,549",NA,1.50%,"9,555",4.50%,19.90%,18.00%,54.30%,73.20%,4.20%,1.10%,14.60%,0.00%,3.70%,23.00%,56.40%,282,27.10%,X,62.90%,"$380,500 ","$2,805 ","$1,097 ","$1,460 ",X,"3,499",2.75,92.60%,35.80%,87.20%,86.20%,93.50%,36.80%,5.60%,7.20%,66.60%,62.00%,"7,461","32,439","118,932","267,299","381,386","$39,777 ",26,"$88,143 ","$45,449 ",6.00%,X,X,X,X,X,886,563,282,309,527,53,804,"7,430.00",1.29,"""3444880"""
Medford,8055,Burlington,39.865272,-74.8185,,NA,"23,355",NA,"23,006",NA,1.50%,"23,033",4.50%,23.10%,20.10%,50.60%,92.90%,1.50%,0.00%,2.20%,0.00%,2.10%,3.60%,90.70%,"1,375",5.50%,X,85.20%,"$360,900 ","$2,759 ","$1,169 ","$1,318 ",X,"8,496",2.71,90.90%,5.40%,97.00%,92.50%,97.60%,57.20%,6.60%,2.80%,5.40%,58.80%,"36,697","133,728",D,D,"404,509","$17,415 ",32.9,"$120,541 ","$56,198 ",2.30%,X,X,X,X,X,"2,687","1,704",808,275,"2,345",352,"2,241",591.8,38.92,"""3400545120"""
Mendham,7945,Morris,40.782767,-74.59529,,NA,"5,744",NA,"5,878",NA,-2.30%,"5,869",6.70%,25.60%,12.60%,50.60%,91.80%,1.20%,0.00%,3.80%,0.00%,3.00%,5.90%,86.20%,138,9.30%,X,93.10%,"$858,100 ","$4,000+","$1,500+","$1,821 ",X,"1,943",2.97,90.10%,8.10%,93.80%,91.60%,98.60%,74.20%,3.40%,1.40%,8.10%,53.30%,"4,063","2,760",X,D,D,NA,31.6,"$182,022 ","$100,462 ",2.50%,X,X,X,X,X,729,514,202,44,676,60,664,328.4,17.87,"""3402745360"""
Metuchen,8840,Middlesex,40.543354,-74.3587,,NA,"14,382",NA,"13,561",NA,6.10%,"13,574",6.80%,24.10%,16.00%,50.70%,72.40%,5.40%,0.00%,16.80%,0.00%,3.70%,6.70%,68.40%,319,20.20%,X,77.70%,"$418,900 ","$2,700 ","$1,250 ","$1,644 ",X,"5,203",2.66,90.30%,26.70%,92.10%,88.00%,96.20%,62.50%,4.30%,2.70%,72.00%,66.00%,"13,367","64,537","97,442",D,"106,262","$7,761 ",37.2,"$124,317 ","$61,196 ",1.60%,X,X,X,X,X,"1,664","1,036",483,317,"1,298",91,"1,538","4,911.00",2.76,"""3445690"""
Middlesex,8846,Middlesex,40.574552,-74.50187,,NA,"13,712",NA,"13,635",NA,0.60%,"13,635",5.60%,22.90%,15.70%,50.00%,68.40%,7.30%,0.00%,6.00%,0.00%,4.80%,23.70%,61.40%,553,21.40%,X,71.40%,"$300,400 ","$2,241 ","$1,051 ","$1,364 ",X,"4,943",2.76,93.10%,30.20%,92.10%,90.50%,91.10%,26.80%,7.30%,6.80%,68.90%,65.00%,"12,009","12,597","640,631","209,459","137,559","$10,014 ",27.4,"$71,061 ","$36,424 ",5.40%,X,X,X,X,X,"1,286",904,288,306,938,110,"1,066","3,875.80",3.52,"""3445900"""
Midland Park,7432,Bergen,40.99312,-74.14286,,NA,"7,265",NA,"7,142",NA,1.70%,"7,128",7.30%,23.60%,17.00%,50.30%,94.30%,1.20%,0.00%,1.70%,0.10%,1.00%,13.70%,82.20%,421,10.60%,X,69.50%,"$498,500 ","$3,285 ","$1,344 ","$1,711 ",X,"2,604",2.78,92.10%,10.50%,92.70%,92.20%,94.00%,44.10%,4.30%,4.60%,72.10%,68.90%,"14,111","56,074","16,697","51,076","195,718","$27,081 ",28.9,"$119,231 ","$48,443 ",4.50%,X,X,X,X,X,"1,056",736,161,46,982,86,897,"4,583.90",1.56,"""3446110"""
Millstone Township,8510,Monmouth,40.18238,-74.42134,,NA,"10,453",NA,"10,652",NA,-1.90%,"10,566",3.50%,22.40%,12.30%,50.20%,88.50%,1.80%,0.10%,5.70%,0.30%,1.50%,8.00%,82.60%,242,9.30%,X,95.00%,"$602,300 ","$3,428 ","$1,500+","$1,489 ",X,"3,270",3.19,93.40%,12.00%,96.50%,94.90%,95.10%,49.60%,5.30%,2.30%,12.00%,64.60%,"12,503",D,"25,029","51,961","41,811","$3,981 ",45.6,"$162,449 ","$62,031 ",4.60%,X,X,X,X,X,"1,103",807,226,100,993,101,986,288.8,36.59,"""3402546560"""
Milltown,8850,Middlesex,40.451105,-74.43938,,NA,"7,034",NA,"6,896",NA,2.00%,"6,893",6.20%,22.70%,14.60%,52.00%,92.30%,1.60%,0.00%,4.30%,0.00%,1.50%,13.00%,80.20%,319,13.70%,X,84.80%,"$342,100 ","$2,554 ","$1,235 ","$1,485 ",X,"2,448",2.85,94.80%,16.60%,92.30%,90.20%,95.40%,35.40%,5.50%,12.30%,70.60%,63.40%,"13,833",D,D,D,"121,974","$17,560 ",30.1,"$102,738 ","$39,504 ",6.30%,X,X,X,X,X,614,361,196,43,551,F,581,"4,444.20",1.55,"""3446620"""
Millville,8332,Cumberland,39.379382,-75.03923,,NA,"27,633",NA,"28,417",NA,-2.80%,"28,400",4.60%,24.30%,15.80%,50.00%,74.60%,18.40%,0.20%,2.10%,0.00%,3.10%,17.00%,61.00%,"1,402",4.10%,X,62.10%,"$156,000 ","$1,642 ",$719 ,$947 ,X,"10,959",2.53,89.80%,12.50%,83.60%,76.90%,83.60%,15.90%,11.20%,6.80%,61.70%,58.60%,"42,518","106,037","450,446","282,808","460,494","$16,090 ",24,"$52,352 ","$25,380 ",19.20%,X,X,X,X,X,"1,666","1,010",456,374,"1,190",203,"1,357",676.2,42,"""3446680"""
Montvale,7645,Bergen,41.048997,-74.04052,,NA,"8,600",NA,"7,844",NA,9.60%,"7,844",4.90%,24.90%,18.40%,54.10%,77.50%,3.20%,0.00%,14.50%,0.00%,1.40%,12.80%,70.00%,304,19.60%,X,84.00%,"$615,800 ","$3,541 ","$1,327 ","$1,747 ",X,"2,858",2.95,93.50%,30.70%,91.90%,88.60%,96.10%,55.70%,2.80%,7.90%,65.30%,60.20%,D,"36,157","160,432","1,172,455","184,235","$23,148 ",39.8,"$128,641 ","$59,894 ",6.80%,X,X,X,X,X,"1,077",635,269,52,956,70,890,"1,961.00",4,"""3447610"""
Morris Plains,7950,Morris,40.842399,-74.48223,,NA,"5,912",NA,"5,532",NA,6.90%,"5,532",5.10%,20.60%,17.80%,49.60%,92.50%,1.60%,0.00%,4.50%,0.00%,0.80%,8.30%,84.90%,224,9.60%,X,85.60%,"$505,700 ","$2,778 ","$1,108 ","$2,165 ",X,"2,108",2.67,92.00%,11.80%,94.20%,92.60%,97.10%,61.30%,4.60%,4.20%,70.00%,65.50%,"31,227","49,098",X,D,"190,030","$33,257 ",30.2,"$125,333 ","$56,848 ",1.10%,X,X,X,X,X,698,432,193,114,538,83,561,"2,163.50",2.56,"""3448210"""
Morristown,7960,Morris,40.79215,-74.48559,,NA,"19,145",NA,"18,354",NA,4.30%,"18,411",3.80%,14.20%,13.70%,50.30%,76.30%,8.80%,0.00%,5.80%,0.00%,3.10%,29.60%,53.90%,454,30.50%,X,37.20%,"$459,900 ","$2,694 ","$1,180 ","$1,770 ",X,"8,156",2.24,85.90%,36.10%,91.10%,86.60%,89.20%,55.40%,4.80%,13.80%,75.50%,70.80%,"123,447","1,419,936","15,838",D,"520,261","$28,087 ",24,"$95,885 ","$56,606 ",5.90%,X,X,X,X,X,"2,864","1,807",721,662,"1,935",302,"2,288","6,285.80",2.93,"""3448300"""
Mount Arlington,7856,Morris,40.919498,-74.63559,,NA,"5,877",NA,"5,038",NA,16.70%,"5,050",4.70%,18.10%,23.00%,52.10%,88.60%,6.70%,0.00%,2.80%,0.00%,0.40%,10.60%,79.50%,296,11.30%,X,70.20%,"$332,900 ","$2,355 ","$1,124 ","$1,885 ",X,"2,368",2.32,90.10%,12.80%,94.90%,93.30%,97.00%,42.40%,1.60%,7.00%,66.80%,62.70%,D,D,X,D,"19,568","$3,721 ",39.1,"$89,063 ","$54,212 ",0.90%,X,X,X,X,X,326,204,99,31,272,F,286,"2,325.00",2.17,"""3448690"""
Mountainside,7092,Union,40.680301,-74.35601,,NA,"6,892",NA,"6,660",NA,3.50%,"6,685",5.00%,23.10%,25.80%,52.40%,87.70%,1.90%,0.00%,6.20%,0.00%,3.20%,8.30%,80.50%,213,13.70%,X,89.90%,"$634,800 ","$3,248 ","$1,500+","$1,858 ",X,"2,409",2.74,97.40%,17.00%,92.90%,85.80%,95.90%,53.80%,2.90%,0.50%,57.60%,52.50%,"16,819","146,447","89,051",D,D,NA,32.3,"$125,694 ","$60,793 ",1.80%,X,X,X,X,X,"1,383",957,230,102,"1,242",257,"1,085","1,667.90",4.01,"""3448510"""
Neptune,7753,Monmouth,40.208945,-74.05261,,NA,"27,595",NA,"27,991",NA,-1.40%,"27,935",4.60%,17.90%,18.90%,51.20%,55.20%,34.40%,0.00%,2.80%,0.10%,3.90%,8.80%,49.90%,"1,606",12.40%,X,64.40%,"$305,700 ","$2,206 ",$876 ,"$1,293 ",X,"11,090",2.45,87.90%,15.30%,88.90%,84.00%,90.30%,32.20%,10.40%,9.10%,15.30%,58.00%,"47,401","830,053","141,430","115,418","434,536","$15,581 ",24.9,"$72,925 ","$37,009 ",10.90%,X,X,X,X,X,"2,491","1,530",737,705,"1,684",238,"2,149","3,414.20",8.18,"""3402549890"""
New Brunswick,8901,Middlesex,40.488304,-74.44775,,NA,"56,100",NA,"54,500",NA,2.90%,"55,181",6.80%,23.20%,5.70%,52.00%,64.20%,14.60%,0.10%,10.00%,0.00%,2.00%,50.10%,24.70%,525,34.00%,X,17.20%,"$257,400 ","$1,956 ",$957 ,"$1,445 ",X,"14,893",3.18,84.10%,55.00%,85.70%,74.00%,63.00%,21.70%,4.30%,20.70%,51.90%,44.10%,"127,075","1,458,287","381,357","751,088","179,461","$3,196 ",26.9,"$42,185 ","$15,347 ",34.20%,X,X,X,X,X,"2,126","1,325",590,"1,077",875,124,"1,815","10,556.90",5.23,"""3451210"""
New Milford,7646,Bergen,40.936211,-74.0188,,NA,"16,558",NA,"16,343",NA,1.30%,"16,341",6.90%,20.40%,16.20%,50.30%,69.50%,3.40%,0.30%,19.40%,0.00%,2.60%,18.20%,57.30%,599,30.80%,X,62.60%,"$413,400 ","$3,142 ","$1,260 ","$1,424 ",X,"5,806",2.82,91.00%,43.90%,93.10%,89.20%,94.00%,43.20%,4.80%,6.30%,69.20%,63.50%,"12,670","27,505",D,"20,821","78,439","$4,753 ",32.8,"$91,900 ","$43,085 ",5.60%,X,X,X,X,X,"1,445",791,521,526,846,44,"1,303","7,186.00",2.27,"""3451660"""
New Providence,7974,Union,40.698268,-74.40225,,NA,"13,486",NA,"12,199",NA,10.60%,"12,171",7.20%,27.40%,14.80%,51.00%,80.60%,1.00%,0.20%,14.20%,0.00%,3.40%,7.70%,73.60%,403,16.60%,X,77.70%,"$595,200 ","$3,433 ","$1,500+","$1,634 ",X,"4,417",2.86,91.30%,21.30%,95.30%,92.30%,97.50%,69.40%,2.80%,4.70%,68.30%,58.70%,D,"80,536",D,"313,814","82,196","$6,637 ",36.2,"$134,141 ","$65,307 ",3.30%,X,X,X,X,X,"1,133",646,335,322,715,42,"1,030","3,343.70",3.64,"""3451810"""
Newark,7101,Essex,40.736101,-74.22509,,NA,"282,090",NA,"277,107",NA,1.80%,"277,140",7.70%,24.90%,10.00%,51.10%,26.10%,49.70%,0.50%,2.10%,0.00%,2.40%,36.40%,10.60%,"5,017",30.60%,X,22.70%,"$231,500 ","$2,122 ",$926 ,"$1,055 ",X,"96,888",2.76,87.90%,47.70%,82.10%,68.80%,74.90%,14.80%,12.60%,20.50%,61.70%,58.70%,"582,379","2,119,780","3,139,443","5,373,530","2,173,876","$7,827 ",35.3,"$35,181 ","$19,313 ",28.00%,X,X,X,X,X,"22,800","10,637","10,369","16,113","5,745","1,398","20,441","11,458.20",24.19,"""3451000"""
Newton,7860,Sussex,41.0714,-74.80199,,NA,"7,938",NA,"8,121",NA,-2.30%,"7,997",4.00%,16.50%,17.90%,49.20%,87.60%,5.00%,0.00%,2.10%,0.00%,0.90%,16.00%,75.90%,425,13.80%,X,47.50%,"$210,300 ","$2,091 ",$989 ,"$1,137 ",X,"3,281",2.27,82.30%,16.20%,85.70%,79.40%,89.50%,24.10%,12.90%,11.20%,60.00%,56.20%,"22,465","250,125",D,"31,039","296,273","$37,713 ",27.9,"$59,661 ","$32,566 ",13.60%,X,X,X,X,X,738,376,181,124,552,F,667,"2,542.00",3.15,"""3451930"""
North Arlington,7031,Bergen,40.791895,-74.13254,,NA,"15,741",NA,"15,392",NA,2.30%,"15,392",4.20%,18.70%,18.00%,50.10%,81.00%,2.60%,0.00%,6.80%,0.00%,2.20%,28.30%,61.20%,364,31.80%,X,52.10%,"$350,600 ","$2,662 ","$1,085 ","$1,350 ",X,"6,248",2.51,96.00%,43.30%,88.40%,83.70%,89.30%,33.00%,7.90%,9.40%,64.30%,57.80%,"19,202","22,518",D,"37,022","74,296","$4,783 ",32.8,"$75,291 ","$39,956 ",11.20%,X,X,X,X,X,"1,083",650,380,365,692,141,912,"6,010.20",2.56,"""3452320"""
Northfield,8225,Atlantic,39.370083,-74.55211,,NA,"8,212",NA,"8,621",NA,-4.70%,"8,624",3.60%,23.70%,16.30%,54.80%,88.90%,1.70%,0.00%,5.70%,0.00%,2.10%,8.50%,82.50%,504,11.60%,X,90.90%,"$223,800 ","$2,101 ",$965 ,"$1,703 ",X,"2,832",2.89,92.50%,19.70%,94.40%,88.50%,92.20%,36.90%,6.80%,8.00%,65.30%,62.90%,"26,181","78,607","1,392",D,"74,318","$8,601 ",21.2,"$78,191 ","$37,138 ",8.70%,X,X,X,X,X,"1,471",884,389,167,"1,250",117,"1,131","2,533.50",3.4,"""3452950"""
Norwood,7648,Bergen,40.994442,-73.95586,,NA,"5,831",NA,"5,732",NA,1.70%,"5,711",2.90%,20.00%,21.00%,55.00%,69.00%,0.50%,0.90%,27.10%,0.00%,0.70%,5.50%,65.00%,181,25.20%,X,81.20%,"$631,000 ","$3,364 ","$1,321 ","$1,732 ",X,"2,133",2.63,93.20%,32.80%,91.00%,88.30%,94.40%,54.20%,3.10%,4.60%,63.00%,53.20%,"9,972","41,229","95,497","704,087",D,NA,35.4,"$127,386 ","$65,114 ",4.00%,X,X,X,X,X,868,476,287,180,675,76,759,"2,093.50",2.73,"""3453610"""
Oakland,7436,Bergen,41.028884,-74.23727,,NA,"13,021",NA,"12,755",NA,2.10%,"12,754",5.20%,24.60%,15.20%,52.10%,90.30%,2.00%,0.00%,6.40%,0.00%,1.40%,6.30%,85.50%,643,13.20%,X,90.30%,"$456,200 ","$2,990 ","$1,205 ","$1,688 ",X,"4,311",2.97,93.50%,16.70%,97.20%,95.10%,96.30%,50.60%,3.20%,5.50%,71.60%,66.20%,"26,605","60,349","865,315","237,719","151,751","$11,788 ",29.8,"$117,996 ","$49,893 ",3.00%,X,X,X,X,X,"1,811","1,144",342,176,"1,583",248,"1,512","1,508.60",8.45,"""3453850"""
Oceanport,7757,Monmouth,40.318115,-74.01239,,NA,"5,751",NA,"5,832",NA,-1.40%,"5,832",7.10%,20.40%,17.70%,49.00%,96.60%,0.40%,0.00%,2.10%,0.00%,0.90%,7.60%,89.00%,204,4.90%,X,85.20%,"$453,200 ","$2,534 ","$1,113 ","$1,392 ",X,"2,118",2.69,92.20%,8.20%,91.70%,88.70%,96.30%,52.50%,3.70%,5.10%,61.30%,54.10%,"4,985","3,662",X,"1,226","7,532","$1,291 ",27.7,"$104,688 ","$44,557 ",7.10%,X,X,X,X,X,693,410,218,129,545,F,663,"1,834.00",3.18,"""3454570"""
Oradell,7649,Bergen,40.953126,-74.03379,,NA,"8,193",NA,"7,978",NA,2.70%,"7,978",4.00%,25.20%,17.90%,49.80%,79.70%,1.60%,0.00%,13.70%,0.00%,4.00%,4.90%,75.90%,260,19.10%,X,88.00%,"$599,700 ","$3,684 ","$1,500+","$1,588 ",X,"2,719",2.93,94.60%,21.50%,98.10%,97.00%,96.60%,60.80%,5.00%,1.00%,65.90%,55.80%,"5,351","96,683",857,"36,673","61,417","$7,598 ",37.5,"$146,103 ","$60,347 ",2.20%,X,X,X,X,X,"1,123",707,284,115,983,52,"1,046","3,291.30",2.42,"""3454990"""
Palisades Park,7650,Bergen,40.845742,-73.99479,,NA,"20,820",NA,"19,604",NA,6.20%,"19,622",4.00%,15.60%,14.00%,48.20%,28.80%,1.10%,0.40%,59.30%,0.10%,1.50%,20.20%,18.10%,332,63.80%,X,34.90%,"$525,600 ","$3,157 ","$1,135 ","$1,476 ",X,"7,525",2.73,88.80%,78.90%,88.70%,86.10%,88.20%,44.30%,2.60%,27.80%,65.10%,55.70%,"51,585","30,385",D,"171,208","189,615","$9,511 ",33.7,"$64,684 ","$32,325 ",12.00%,X,X,X,X,X,"2,631","1,561",868,"1,877",699,74,"2,524","15,685.10",1.25,"""3455770"""
Palmyra,8065,Burlington,40.00278,-75.02626,,NA,"7,161",NA,"7,378",NA,-2.90%,"7,398",4.40%,18.40%,15.50%,51.20%,70.90%,17.50%,0.00%,2.90%,0.10%,1.60%,9.70%,68.20%,425,7.60%,X,70.10%,"$170,800 ","$1,765 ",$821 ,"$1,351 ",X,"2,950",2.45,88.90%,12.30%,91.40%,86.10%,94.00%,28.00%,7.40%,6.70%,70.40%,64.00%,"2,560","16,621","58,864","48,649","172,344","$23,258 ",26.9,"$70,714 ","$34,154 ",10.30%,X,X,X,X,X,429,284,138,51,372,F,389,"3,968.90",1.86,"""3455800"""
Paramus,7652,Bergen,40.947107,-74.07047,,NA,"26,558",NA,"26,342",NA,0.80%,"26,342",3.90%,19.30%,23.40%,51.20%,66.90%,3.00%,0.10%,27.40%,0.00%,1.40%,9.60%,59.20%,"1,180",29.60%,X,86.50%,"$588,800 ","$3,123 ","$1,068 ","$1,987 ",X,"8,310",3.01,92.10%,41.10%,91.40%,89.10%,91.20%,48.30%,4.20%,7.40%,58.60%,51.40%,"221,877","596,918","78,156","2,253,996","3,833,894","$144,501 ",32,"$117,087 ","$45,794 ",2.40%,X,X,X,X,X,"4,448","2,362","1,299","1,071","2,911",295,"3,682","2,516.00",10.47,"""3455950"""
Park Ridge,7656,Bergen,41.034672,-74.04065,,NA,"8,786",NA,"8,649",NA,1.60%,"8,645",4.80%,22.30%,20.50%,48.50%,90.80%,1.10%,0.10%,4.00%,0.00%,2.10%,15.40%,78.40%,431,12.70%,X,79.40%,"$585,600 ","$3,416 ","$1,375 ","$1,420 ",X,"3,299",2.58,91.80%,17.00%,92.80%,89.60%,95.00%,58.30%,5.00%,4.40%,62.80%,55.60%,"28,468","39,842",D,D,"57,347","$6,470 ",32,"$118,560 ","$56,431 ",2.30%,X,X,X,X,X,979,520,242,78,820,66,809,"3,348.20",2.58,"""3456130"""
Passaic,7055,Passaic,40.857384,-74.12899,,NA,"69,948",NA,"69,811",NA,0.20%,"69,781",9.40%,31.90%,9.30%,48.80%,57.80%,8.20%,0.90%,2.90%,0.00%,2.20%,73.70%,16.20%,799,38.50%,X,22.80%,"$325,800 ","$2,592 ","$1,225 ","$1,177 ",X,"19,646",3.55,92.90%,76.00%,74.60%,65.20%,66.10%,15.90%,5.70%,24.50%,58.80%,48.60%,"46,055","269,676","225,981","311,868","541,735","$7,715 ",26.3,"$36,226 ","$17,457 ",31.90%,X,X,X,X,X,"4,682","2,521","1,792","2,903","1,603",195,"4,361","22,180.90",3.15,"""3456550"""
Paterson,7501,Passaic,40.912198,-74.16863,,NA,"145,627",NA,"146,181",NA,-0.40%,"146,199",8.00%,27.00%,10.70%,51.80%,29.30%,26.50%,0.10%,3.80%,0.00%,4.70%,60.90%,9.20%,"1,921",38.50%,X,26.30%,"$237,500 ","$2,348 ","$1,075 ","$1,175 ",X,"44,748",3.21,92.40%,62.80%,77.60%,64.40%,73.40%,10.80%,5.00%,19.40%,58.50%,52.70%,D,"842,277","1,167,948","1,075,168","849,783","$5,852 ",24.1,"$39,282 ","$18,313 ",28.10%,X,X,X,X,X,"10,323","5,328","4,388","7,413","2,657",566,"9,471","17,346.80",8.43,"""3457000"""
Paulsboro,8066,Gloucester,39.833156,-75.23773,,NA,"5,882",NA,"6,094",NA,-3.50%,"6,097",5.40%,16.60%,14.00%,55.60%,69.70%,26.20%,0.00%,0.00%,0.00%,3.20%,9.20%,66.50%,267,6.40%,X,66.10%,"$112,700 ","$1,398 ",$756 ,"$1,039 ",X,"2,552",2.32,93.70%,16.50%,82.40%,73.90%,89.00%,14.00%,17.60%,6.90%,57.80%,51.90%,"2,878","4,471",D,"6,148","92,814","$15,364 ",22.4,"$41,825 ","$25,368 ",22.00%,X,X,X,X,X,275,153,72,67,168,57,200,"3,215.70",1.9,"""3457150"""
Pemberton,8068,Burlington,39.961183,-74.66266,,NA,"27,071",NA,"27,913",NA,-3.00%,"27,912",5.80%,23.30%,13.90%,50.50%,62.70%,21.70%,0.10%,2.50%,0.10%,9.90%,11.90%,56.60%,"3,213",7.80%,X,69.00%,"$166,500 ","$1,586 ",$646 ,"$1,247 ",X,"9,757",2.77,87.10%,12.70%,89.60%,84.80%,90.70%,15.80%,11.20%,5.90%,12.70%,58.60%,"12,101","239,446",D,D,"88,228","$3,157 ",30.4,"$62,345 ","$27,618 ",11.90%,X,X,X,X,X,884,473,273,252,575,87,701,455.5,61.28,"""3400557510"""
Perth Amboy,8861,Middlesex,40.520105,-74.27708,,NA,"51,928",NA,"50,827",NA,2.20%,"50,814",7.50%,27.20%,10.90%,50.20%,79.20%,8.40%,0.10%,1.30%,0.00%,2.10%,80.40%,11.10%,901,41.60%,X,29.30%,"$255,100 ","$2,112 ",$965 ,"$1,304 ",X,"15,946",3.21,92.90%,79.90%,81.80%,53.60%,70.40%,14.50%,8.40%,19.00%,62.40%,57.70%,"41,515","113,179","579,278","1,079,284","324,276","$6,267 ",24.7,"$53,011 ","$21,342 ",18.30%,X,X,X,X,X,"4,087","2,652","1,239","2,987","1,019",127,"3,877","10,806.90",4.7,"""3458200"""
Phillipsburg,8865,Warren,40.689123,-75.17243,,NA,"14,303",NA,"14,950",NA,-4.30%,"14,950",5.00%,23.40%,13.60%,52.00%,77.30%,11.50%,0.20%,1.70%,0.00%,5.60%,14.20%,68.90%,763,10.60%,X,54.50%,"$135,300 ","$1,568 ",$625 ,$958 ,X,"5,795",2.47,87.10%,15.30%,85.80%,75.40%,83.00%,18.20%,12.20%,14.30%,67.20%,61.20%,"15,049","208,416","329,249",D,"251,009","$17,077 ",30.8,"$53,514 ","$26,294 ",17.40%,X,X,X,X,X,837,514,221,211,558,93,676,"4,682.10",3.19,"""3458350"""
Pitman,8071,Gloucester,39.730964,-75.13009,,NA,"8,780",NA,"9,015",NA,-2.60%,"9,011",4.50%,20.70%,16.70%,52.20%,92.60%,2.30%,0.20%,1.20%,0.00%,3.50%,2.60%,90.50%,499,2.10%,X,72.90%,"$181,200 ","$1,879 ",$930 ,"$1,119 ",X,"3,359",2.6,91.20%,4.40%,91.80%,87.10%,95.60%,31.50%,8.10%,6.80%,65.50%,61.30%,"2,981",D,"169,454",D,"26,943","$3,014 ",32.2,"$75,791 ","$33,643 ",9.20%,X,X,X,X,X,673,357,209,68,587,54,601,"3,976.60",2.27,"""3459070"""
Plainfield,7060,Union,40.620102,-74.42481,,NA,"50,693",NA,"49,694",NA,2.00%,"49,808",7.80%,25.10%,11.60%,50.30%,24.00%,42.30%,0.90%,0.90%,0.00%,1.90%,44.50%,8.60%,"1,112",37.70%,X,46.20%,"$239,200 ","$2,391 ","$1,113 ","$1,167 ",X,"15,338",3.22,89.60%,48.80%,82.00%,67.80%,74.10%,17.70%,5.50%,28.70%,69.40%,61.60%,"33,481","130,010",D,D,"210,915","$4,198 ",31.3,"$57,334 ","$25,385 ",19.60%,X,X,X,X,X,"2,949","1,643","1,163","2,082",786,263,"2,594","8,269.60",6.02,"""3459190"""
Pleasantville,8232,Atlantic,39.394616,-74.52212,,NA,"20,376",NA,"20,272",NA,0.50%,"20,249",7.20%,24.80%,11.90%,52.60%,40.50%,42.90%,0.30%,1.80%,0.10%,4.80%,43.50%,11.00%,705,25.00%,X,48.20%,"$146,900 ","$1,706 ",$839 ,"$1,172 ",X,"6,763",2.97,78.60%,44.60%,85.10%,77.20%,76.90%,12.50%,10.40%,15.20%,64.70%,60.40%,"20,824","68,179",D,"173,508","457,193","$22,033 ",20.8,"$40,614 ","$18,887 ",21.30%,X,X,X,X,X,"1,058",543,439,592,402,31,945,"3,556.20",5.69,"""3459640"""
Point Pleasant Beach,8742,Ocean,40.081165,-74.06003,,NA,"18,684",NA,"18,373",NA,1.70%,"18,392",5.10%,20.30%,16.40%,52.20%,98.30%,0.30%,0.20%,0.20%,0.00%,0.70%,6.10%,92.90%,914,4.70%,X,79.60%,"$375,900 ","$2,338 ",$946 ,"$1,452 ",X,"7,416",2.48,89.70%,6.30%,94.90%,90.30%,96.60%,42.10%,5.80%,6.60%,71.70%,66.50%,D,"36,883","5,638","28,886","133,709","$7,247 ",30.8,"$92,278 ","$46,304 ",5.00%,X,X,X,X,X,"2,113","1,351",534,56,"1,936",192,"1,798","5,271.40",3.49,"""3459880"""
Pompton Plains,7444,Morris,40.964548,-74.29813,,NA,"11,014",NA,"11,097",NA,-0.70%,"11,097",5.50%,19.80%,13.20%,49.00%,86.90%,1.60%,0.00%,6.10%,0.00%,2.60%,18.80%,70.50%,433,22.20%,X,72.50%,"$305,000 ","$2,707 ","$1,208 ","$1,512 ",X,"3,952",2.79,94.50%,30.10%,91.30%,88.80%,94.00%,36.50%,5.70%,13.00%,74.70%,71.30%,"14,513",D,"17,069",D,"41,545","$3,730 ",29,"$97,782 ","$40,662 ",5.90%,X,X,X,X,X,"1,235",849,281,213,"1,000",94,"1,119","3,809.50",2.91,"""3460090"""
Princeton,8540,Mercer,40.357439,-74.64922,,NA,"31,386",NA,"28,594",NA,9.80%,"12,307",3.60%,18.40%,16.30%,49.00%,73.10%,5.80%,0.00%,16.40%,0.10%,3.20%,7.70%,67.70%,642,27.00%,X,59.30%,"$833,000 ","$4,000+","$1,500+","$1,563 ",X,"9,979",2.54,75.90%,33.20%,95.70%,88.80%,96.20%,80.60%,3.70%,2.10%,61.80%,56.90%,D,D,D,D,"268,546","$21,764 ",26.9,"$138,194 ","$76,697 ",5.80%,X,X,X,X,X,"1,584",743,594,319,"1,117",69,"1,353","6,677.70",1.84,"""3460900"""
Rahway,7065,Union,40.607103,-74.28099,,NA,"29,880",NA,"27,324",NA,9.40%,"27,346",7.30%,20.30%,12.90%,51.10%,51.20%,29.40%,0.10%,3.00%,0.00%,4.10%,32.40%,33.40%,"1,317",26.00%,X,58.50%,"$266,300 ","$2,344 ","$1,082 ","$1,322 ",X,"11,188",2.61,88.90%,38.70%,89.60%,82.90%,88.40%,28.40%,8.80%,10.90%,69.70%,64.60%,"34,196","166,617","425,288","1,282,742","321,782","$11,581 ",31.9,"$74,164 ","$38,076 ",7.60%,X,X,X,X,X,"2,113","1,441",545,928,"1,132",134,"1,918","7,017.20",3.9,"""3461530"""
Ramsey,7446,Bergen,41.058819,-74.14238,,NA,"14,991",NA,"14,520",NA,3.20%,"14,473",4.60%,24.10%,16.40%,50.60%,90.20%,0.50%,0.00%,8.40%,0.00%,0.80%,5.10%,85.20%,523,13.70%,X,86.90%,"$587,200 ","$3,250 ","$1,500+","$1,570 ",X,"5,522",2.7,94.70%,15.10%,95.50%,94.20%,98.00%,69.70%,2.30%,2.00%,70.00%,63.10%,"62,255",D,D,"551,188","1,188,080","$80,674 ",32.5,"$144,606 ","$68,558 ",2.20%,X,X,X,X,X,"2,151","1,172",602,331,"1,662",192,"1,823","2,621.90",5.52,"""3461680"""
Raritan,8869,Somerset,40.571302,-74.6374,,NA,"7,875",NA,"6,882",NA,14.40%,"6,881",4.50%,19.50%,15.10%,53.20%,74.60%,1.80%,0.00%,15.50%,0.00%,4.20%,18.40%,62.70%,216,28.90%,X,57.00%,"$335,200 ","$2,228 ","$1,007 ","$1,667 ",X,"2,938",2.65,90.00%,34.60%,86.20%,83.70%,91.60%,36.30%,5.40%,8.80%,70.20%,64.00%,"24,069","293,763",D,D,"133,796","$18,475 ",26.6,"$78,404 ","$40,014 ",5.70%,X,X,X,X,X,834,371,316,191,574,80,705,"3,452.60",1.99,"""3461980"""
Red Bank,7701,Monmouth,40.352953,-74.07703,,NA,"12,048",NA,"12,227",NA,-1.50%,"12,206",7.50%,21.10%,13.20%,50.30%,68.30%,9.10%,0.00%,2.40%,0.00%,2.40%,35.50%,54.10%,394,26.00%,X,48.10%,"$401,200 ","$2,498 ","$1,173 ","$1,493 ",X,"5,138",2.33,86.70%,35.60%,92.60%,87.30%,81.60%,40.60%,5.70%,23.10%,75.30%,67.70%,"77,272","417,457",D,"57,947","283,746","$23,283 ",29.6,"$69,620 ","$46,675 ",14.10%,X,X,X,X,X,"2,233","1,186",549,377,"1,689",168,"1,906","7,019.00",1.74,"""3462430"""
Ridgefield,7657,Bergen,40.832421,-74.00399,,NA,"11,265",NA,"11,039",NA,2.00%,"11,032",3.70%,19.20%,13.80%,49.40%,61.80%,1.20%,0.40%,30.00%,0.00%,3.00%,30.00%,36.50%,311,49.10%,X,48.50%,"$436,200 ","$2,727 ","$1,050 ","$1,555 ",X,"3,900",2.88,95.00%,64.90%,92.10%,83.50%,91.20%,38.00%,4.10%,15.70%,65.70%,59.70%,"25,224",D,"828,461","267,508","239,528","$21,282 ",27.8,"$67,500 ","$32,256 ",7.60%,X,X,X,X,X,"1,850","1,143",425,850,879,143,"1,622","4,324.60",2.55,"""3462910"""
Ridgefield Park,7660,Bergen,40.856749,-74.02278,,NA,"13,009",NA,"12,722",NA,2.30%,"12,729",4.00%,20.90%,13.00%,50.70%,74.50%,6.40%,0.20%,11.80%,0.10%,2.20%,43.40%,39.20%,383,35.20%,X,54.40%,"$340,700 ","$2,666 ","$1,155 ","$1,325 ",X,"4,761",2.72,90.50%,49.50%,93.80%,90.90%,92.60%,42.70%,4.60%,8.60%,71.80%,65.80%,"10,721","9,007","127,159",D,"48,223","$3,749 ",32.1,"$80,450 ","$37,751 ",7.90%,X,X,X,X,X,"1,193",755,376,529,604,89,"1,042","7,387.70",1.72,"""3462940"""
Ridgewood,7450,Bergen,40.983997,-74.11438,,NA,"25,272",NA,"24,956",NA,1.30%,"24,958",5.20%,30.50%,13.90%,52.40%,79.50%,1.90%,0.20%,14.70%,0.00%,3.30%,7.80%,73.00%,609,22.30%,X,77.60%,"$738,700 ","$4,000+","$1,500+","$1,996 ",X,"8,337",3,90.60%,24.10%,96.20%,94.20%,96.50%,75.40%,1.90%,2.80%,64.40%,53.80%,"39,372","933,609","8,006","78,184","224,703","$8,915 ",39.5,"$168,608 ","$77,446 ",4.20%,X,X,X,X,X,"3,303","1,789","1,100",627,"2,595",237,"2,885","4,339.00",5.75,"""3463000"""
Ringwood,7456,Passaic,41.096095,-74.26012,,NA,"12,226",NA,"12,261",NA,-0.30%,"12,228",6.30%,24.10%,16.70%,50.50%,88.50%,2.20%,1.30%,4.70%,0.00%,1.50%,8.10%,83.90%,373,9.80%,X,95.40%,"$346,600 ","$2,733 ","$1,210 ","$1,801 ",X,"3,990",3.04,93.50%,14.60%,97.40%,94.80%,93.30%,46.10%,6.00%,2.10%,70.50%,62.50%,"9,271","23,646","20,694","116,118","36,375","$2,949 ",35.9,"$128,093 ","$47,156 ",1.60%,X,X,X,X,X,"1,223",666,389,81,"1,122",105,"1,051",485,25.21,"""3463150"""
River Edge,7661,Bergen,40.927579,-74.03739,,NA,"11,531",NA,"11,340",NA,1.70%,"11,340",6.00%,24.70%,13.30%,51.30%,69.90%,2.10%,0.30%,21.90%,0.00%,2.00%,11.80%,61.10%,509,26.10%,X,74.70%,"$492,100 ","$3,351 ","$1,260 ","$1,588 ",X,"3,942",2.92,92.30%,33.70%,95.30%,91.90%,93.70%,59.90%,2.60%,5.80%,69.10%,65.10%,"12,429","108,930",X,"42,420","65,790","$5,739 ",37.6,"$123,409 ","$50,597 ",4.80%,X,X,X,X,X,"1,532",817,499,538,936,30,"1,440","6,116.50",1.85,"""3463360"""
Rockaway,7866,Morris,40.926798,-74.50624,,NA,"6,363",NA,"6,430",NA,-1.00%,"6,438",3.50%,22.00%,19.00%,49.70%,85.40%,4.10%,0.00%,6.60%,0.00%,1.60%,20.00%,68.10%,339,23.20%,X,69.80%,"$341,800 ","$2,408 ","$1,059 ","$1,348 ",X,"2,443",2.62,91.90%,27.70%,91.80%,86.00%,92.50%,35.30%,3.50%,6.70%,64.60%,65.40%,"16,244","7,702","67,519","99,711","445,938","$68,754 ",27.6,"$87,083 ","$39,811 ",4.70%,X,X,X,X,X,943,487,286,184,679,29,836,"3,107.10",2.07,"""3464050"""
Roseland,7068,Essex,40.821799,-74.30477,,NA,"5,851",NA,"5,836",NA,0.30%,"5,819",5.00%,19.90%,25.70%,52.30%,87.20%,0.00%,0.00%,8.90%,0.00%,2.20%,6.70%,84.10%,330,12.80%,X,80.80%,"$500,800 ","$3,243 ","$1,368 ","$2,319 ",X,"2,341",2.5,92.70%,16.00%,89.00%,84.80%,96.60%,64.80%,3.40%,1.80%,62.60%,59.20%,"15,908",D,"83,336","357,180","24,088","$4,094 ",29.9,"$126,250 ","$68,977 ",3.00%,X,X,X,X,X,803,439,189,51,675,31,697,"1,644.20",3.54,"""3464590"""
Roselle,7203,Union,40.653502,-74.26058,,NA,"21,902",NA,"21,067",NA,4.00%,"21,085",5.20%,21.60%,15.20%,52.50%,22.30%,53.10%,0.00%,1.70%,0.00%,2.60%,29.20%,12.70%,809,29.80%,X,55.60%,"$214,300 ","$2,314 ","$1,121 ","$1,136 ",X,"7,528",2.86,94.30%,42.40%,83.60%,73.60%,87.10%,20.40%,6.60%,11.00%,67.50%,65.00%,"20,409","22,722",D,D,"102,002","$4,789 ",31,"$61,804 ","$27,934 ",10.00%,X,X,X,X,X,"1,404",920,409,973,364,126,"1,223","7,953.60",2.65,"""3464620"""
Roselle Park,7204,Union,40.665552,-74.26768,,NA,"13,650",NA,"13,290",NA,2.70%,"13,297",5.80%,22.30%,11.60%,50.70%,62.50%,7.60%,0.30%,8.50%,0.00%,2.80%,28.10%,48.60%,391,27.20%,X,58.40%,"$281,000 ","$2,569 ","$1,107 ","$1,227 ",X,"5,087",2.67,92.70%,44.20%,89.80%,85.80%,89.70%,37.40%,6.10%,8.50%,71.10%,65.30%,"14,812",D,D,D,"35,886","$2,656 ",30.2,"$71,846 ","$35,475 ",6.40%,X,X,X,X,X,855,607,208,349,496,39,806,"10,793.00",1.23,"""3464650"""
Rumson,7760,Monmouth,40.369145,-73.99576,,NA,"6,776",NA,"7,065",NA,-4.10%,"7,122",4.00%,33.20%,11.40%,50.80%,95.70%,0.80%,0.00%,1.70%,0.00%,1.10%,4.90%,91.60%,130,5.40%,X,91.90%,"$1,123,900 ","$4,000+","$1,500+","$2,107 ",X,"2,182",3.11,89.70%,6.80%,95.90%,95.00%,98.70%,71.00%,3.50%,2.80%,60.10%,46.10%,"23,831","19,958",D,"16,597","22,056","$3,131 ",45.2,"$177,857 ","$108,505 ",2.90%,X,X,X,X,X,814,410,223,60,710,42,710,"1,408.10",5.06,"""3465130"""
Runnemede,8078,Camden,39.850013,-75.0767,,NA,"8,318",NA,"8,465",NA,-1.70%,"8,468",6.80%,21.80%,14.50%,52.80%,81.80%,8.20%,0.20%,3.90%,0.00%,1.50%,11.00%,76.30%,369,7.90%,X,68.20%,"$165,000 ","$1,715 ",$816 ,$919 ,X,"3,190",2.61,87.00%,12.30%,90.40%,85.90%,90.10%,26.70%,8.90%,8.50%,66.50%,62.80%,"10,932","35,729","12,570","51,189","129,838","$15,364 ",25.8,"$61,859 ","$28,099 ",9.10%,X,X,X,X,X,717,471,156,95,589,89,589,"4,116.70",2.06,"""3465160"""
Sayreville,8871,Middlesex,40.430006,-74.417344,,NA,"44,556",NA,"42,753",NA,4.20%,"42,704",5.50%,21.80%,13.90%,51.20%,66.90%,12.10%,0.10%,15.90%,0.10%,2.60%,13.40%,57.20%,"1,758",27.30%,X,63.50%,"$296,900 ","$2,182 ",$907 ,"$1,240 ",X,"16,461",2.68,90.70%,35.00%,92.50%,88.20%,90.00%,31.90%,6.70%,6.90%,68.00%,61.90%,"37,947","47,448","1,031,927","562,680","406,634","$9,292 ",34.2,"$78,155 ","$36,016 ",6.90%,X,X,X,X,X,"3,626","2,089","1,020","1,192","2,340",245,"3,243","2,695.60",15.84,"""3465790"""
Secaucus,7094,Hudson,40.7885,-74.06,,NA,"20,742",NA,"16,260",NA,27.60%,"16,264",6.00%,19.10%,16.50%,51.30%,62.20%,3.60%,0.50%,27.80%,0.00%,2.60%,21.80%,46.20%,710,35.40%,X,55.80%,"$448,100 ","$2,704 ",$994 ,"$1,597 ",X,"7,285",2.56,88.20%,47.90%,90.90%,88.70%,89.30%,46.20%,5.50%,6.90%,64.70%,60.40%,"155,104","160,809","291,427","6,686,239","965,075","$52,590 ",31.5,"$101,184 ","$46,922 ",6.70%,X,X,X,X,X,"2,046",985,675,866,949,80,"1,685","2,793.50",5.82,"""3466570"""
Somerdale,8083,Camden,39.842613,-75.02496,,NA,"5,473",NA,"5,132",NA,6.60%,"5,151",4.10%,14.80%,16.30%,51.80%,61.30%,25.80%,0.00%,3.50%,0.00%,3.60%,11.60%,56.60%,239,7.50%,X,69.40%,"$168,800 ","$1,760 ",$789 ,$939 ,X,"2,146",2.52,87.20%,11.50%,92.90%,86.50%,92.40%,25.00%,10.40%,8.20%,70.00%,62.20%,"10,317",D,"15,623",D,"93,239","$17,800 ",26.7,"$70,951 ","$35,221 ",9.30%,X,X,X,X,X,425,262,106,67,344,33,377,"3,713.80",1.39,"""3468340"""
Somers Point,8244,Atlantic,39.319901,-74.5999,,NA,"10,285",NA,"10,795",NA,-4.70%,"10,795",5.60%,20.40%,18.00%,54.20%,78.30%,14.60%,0.00%,4.70%,0.00%,1.40%,9.70%,70.40%,479,9.40%,X,58.20%,"$218,000 ","$1,852 ",$847 ,"$1,093 ",X,"4,457",2.34,90.20%,13.50%,89.10%,80.50%,89.10%,28.60%,8.60%,10.30%,66.60%,65.30%,"65,953","359,617",D,"9,068","315,946","$29,243 ",22.7,"$60,061 ","$33,891 ",11.10%,X,X,X,X,X,"1,097",585,419,99,926,57,947,"2,678.70",4.03,"""3468430"""
Somerville,8876,Somerset,40.545853,-74.63592,,NA,"12,202",NA,"12,098",NA,0.90%,"12,098",5.90%,21.90%,12.90%,49.30%,66.10%,9.70%,0.10%,16.70%,0.00%,3.10%,21.50%,49.70%,416,28.00%,X,49.00%,"$308,400 ","$2,350 ","$1,079 ","$1,378 ",X,"4,363",2.68,87.80%,30.40%,90.30%,86.50%,90.50%,44.20%,5.40%,8.80%,68.30%,61.50%,"25,411","382,158","89,083","192,308","311,670","$25,631 ",23.7,"$75,718 ","$35,839 ",6.00%,X,X,X,X,X,"1,304",707,356,249,952,156,"1,043","5,190.00",2.33,"""3468460"""
South Amboy,8879,Middlesex,40.469606,-74.27669,,NA,"8,921",NA,"8,596",NA,3.80%,"8,631",9.30%,20.10%,15.70%,46.40%,82.70%,7.80%,0.00%,3.70%,0.00%,1.00%,17.60%,73.10%,335,13.60%,X,60.40%,"$276,400 ","$2,400 ",$877 ,"$1,236 ",X,"3,395",2.56,93.90%,21.50%,85.40%,77.10%,91.00%,26.50%,6.10%,11.30%,66.90%,65.00%,"16,483","32,884","20,603",D,"46,445","$5,326 ",29.2,"$67,519 ","$34,830 ",7.50%,X,X,X,X,X,597,313,216,185,396,64,515,"5,575.60",1.55,"""3468550"""
South Plainfield,7080,Middlesex,40.580703,-74.41401,,NA,"24,131",NA,"23,392",NA,3.20%,"23,385",6.10%,21.30%,16.30%,50.20%,61.80%,12.60%,0.00%,15.50%,0.00%,3.30%,18.20%,51.90%,921,24.00%,X,83.00%,"$332,700 ","$2,338 ",$897 ,"$1,812 ",X,"7,855",3.01,92.00%,33.40%,92.80%,88.30%,90.90%,35.10%,5.40%,7.60%,69.50%,63.10%,"64,566","113,653","1,054,294","1,491,970","494,373","$20,887 ",30.4,"$100,782 ","$37,145 ",3.20%,X,X,X,X,X,"2,204","1,518",428,846,"1,179",172,"1,834","2,808.30",8.33,"""3469390"""
South River,8882,Middlesex,40.445006,-74.38179,,NA,"16,023",NA,"16,054",NA,-0.20%,"16,008",7.40%,23.70%,13.80%,50.40%,79.90%,9.10%,0.10%,4.50%,0.30%,3.10%,24.60%,59.50%,569,30.00%,X,63.00%,"$294,500 ","$2,323 ",$833 ,"$1,245 ",X,"5,590",2.88,95.40%,43.80%,86.20%,81.40%,82.60%,24.40%,4.60%,17.00%,71.00%,66.10%,"7,673",D,"73,711",D,"40,852","$2,532 ",31.8,"$69,068 ","$30,869 ",11.20%,X,X,X,X,X,"1,251",732,443,317,914,52,"1,176","5,781.10",2.77,"""3469420"""
Spotswood,8884,Middlesex,40.39159,-74.39329,,NA,"8,307",NA,"8,256",NA,0.60%,"8,257",4.70%,20.10%,19.60%,51.90%,88.20%,4.00%,0.10%,4.80%,0.00%,2.00%,9.30%,81.70%,362,11.90%,X,78.20%,"$292,400 ","$2,266 ",$967 ,$927 ,X,"3,339",2.48,93.40%,13.80%,88.60%,82.50%,92.80%,25.30%,5.60%,5.60%,62.70%,58.50%,"6,041",D,D,"22,527","101,400","$12,067 ",33.5,"$76,055 ","$35,828 ",6.70%,X,X,X,X,X,533,334,180,80,436,51,465,"3,642.30",2.27,"""3469810"""
Stratford,8084,Camden,39.829014,-75.01371,,NA,"6,967",NA,"7,051",NA,-1.20%,"7,040",4.10%,19.90%,14.40%,52.30%,80.80%,9.80%,0.00%,5.30%,0.00%,1.70%,5.80%,77.40%,312,7.70%,X,76.20%,"$182,900 ","$2,000 ",$915 ,$962 ,X,"2,608",2.63,91.20%,8.90%,90.00%,86.80%,95.80%,34.80%,11.60%,6.40%,70.60%,66.40%,"5,366",D,X,X,"80,547","$11,528 ",29.2,"$80,233 ","$34,769 ",7.70%,X,X,X,X,X,436,315,99,33,381,60,353,"4,547.80",1.55,"""3471220"""
Summit,7901,Union,40.714501,-74.3633,,NA,"22,016",NA,"21,460",NA,2.60%,"21,457",7.10%,28.20%,12.90%,51.40%,80.10%,3.90%,0.00%,8.60%,0.00%,1.60%,14.60%,71.00%,535,25.60%,X,70.70%,"$879,000 ","$4,000+","$1,500+","$1,816 ",X,"7,657",2.83,89.10%,30.50%,93.50%,90.30%,95.20%,71.00%,3.00%,7.90%,67.50%,58.70%,D,"691,222","8,731",D,"280,149","$12,834 ",36.2,"$146,755 ","$84,258 ",4.80%,X,X,X,X,X,"2,559","1,473",780,458,"1,898",143,"2,216","3,579.10",6,"""3471430"""
Tenafly,7670,Bergen,40.92169,-73.96482,,NA,"14,641",NA,"14,510",NA,0.90%,"14,488",4.20%,31.50%,13.30%,51.00%,65.00%,3.20%,0.00%,27.40%,0.00%,2.40%,9.40%,57.90%,272,36.00%,X,77.70%,"$807,000 ","$3,932 ","$1,500+","$1,807 ",X,"4,600",3.16,92.70%,44.00%,97.50%,96.20%,97.00%,81.50%,1.60%,7.60%,62.80%,52.60%,"29,343",D,D,"41,115","473,095","$32,326 ",43.9,"$159,722 ","$72,415 ",3.70%,X,X,X,X,X,"2,270","1,323",670,500,"1,699",123,"2,066","3,148.90",4.6,"""3472420"""
Totowa,7511,Passaic,41.011428,-74.304793,,NA,"10,804",NA,"10,807",NA,Z,"10,804",4.30%,17.80%,19.90%,53.90%,85.20%,3.50%,0.00%,6.10%,0.00%,3.20%,15.80%,72.20%,529,20.90%,X,83.20%,"$377,200 ","$2,749 ","$1,024 ","$1,596 ",X,"3,460",3.02,94.40%,32.40%,91.10%,89.70%,91.50%,33.20%,9.80%,5.90%,65.90%,59.10%,"29,416","104,887","449,964","689,065","575,168","$52,613 ",27,"$101,321 ","$41,998 ",5.00%,X,X,X,X,X,"1,797","1,090",506,159,"1,530",152,"1,486","2,705.10",3.99,"""3473140"""
Trenton,8601,Mercer,40.280531,-74.712018,,NA,"83,974",NA,"84,964",NA,-1.20%,"84,913",7.50%,26.00%,9.80%,49.80%,41.10%,50.70%,0.30%,1.20%,0.00%,1.50%,36.40%,12.90%,"2,188",23.30%,X,36.60%,"$95,100 ","$1,487 ",$638 ,"$1,029 ",X,"27,401",2.92,83.90%,37.00%,79.10%,60.10%,71.80%,11.70%,11.50%,20.10%,58.80%,55.40%,D,"735,324",D,"745,596","341,612","$4,044 ",24.1,"$35,387 ","$18,473 ",28.40%,X,X,X,X,X,"4,006","2,036","1,604","2,392","1,341",373,"3,350","11,102.60",7.65,"""3474000"""
Union City,7087,Hudson,40.767751,-74.0302,,NA,"68,520",NA,"66,439",NA,3.10%,"66,455",6.70%,22.70%,10.80%,50.90%,74.20%,4.70%,0.10%,3.80%,0.10%,3.30%,77.30%,16.10%,570,58.20%,X,19.70%,"$317,600 ","$2,661 ","$1,208 ","$1,202 ",X,"24,147",2.81,94.20%,84.40%,86.60%,77.70%,70.20%,20.50%,5.20%,27.00%,68.20%,59.70%,"53,842","119,670","58,778","107,666","340,818","$5,031 ",33.6,"$45,636 ","$22,741 ",21.30%,X,X,X,X,X,"6,335","3,491","2,338","5,049","1,069",224,"5,949","51,796.60",1.28,"""3474630"""
Ventnor City,8406,Atlantic,39.342299,-74.48192,,NA,"10,039",NA,"10,650",NA,-5.70%,"10,650",5.90%,16.10%,23.40%,52.60%,81.20%,4.40%,0.00%,9.60%,0.00%,3.10%,23.10%,62.00%,562,21.90%,X,62.20%,"$268,600 ","$2,210 ","$1,030 ","$1,166 ",X,"4,196",2.44,88.00%,36.00%,87.60%,75.20%,88.70%,30.10%,9.00%,12.10%,62.20%,55.10%,D,D,X,D,"85,154","$8,022 ",25.4,"$55,484 ","$33,520 ",12.50%,X,X,X,X,X,968,566,281,119,831,37,859,"5,458.70",1.95,"""3475620"""
Vineland,8360,Cumberland,39.492265,-75.01887,,NA,"59,966",NA,"60,737",NA,-1.30%,"60,724",7.50%,23.70%,16.10%,52.90%,70.20%,13.70%,0.30%,1.50%,0.00%,5.40%,40.30%,43.70%,"2,474",12.50%,X,66.20%,"$168,300 ","$1,610 ",$753 ,"$1,017 ",X,"20,811",2.8,89.30%,38.60%,83.90%,77.00%,77.00%,17.70%,10.10%,11.50%,61.40%,56.30%,"98,925","609,494","1,553,644","1,467,908","1,066,389","$17,524 ",22.8,"$55,054 ","$25,800 ",14.40%,X,X,X,X,X,"4,156","2,480","1,021","1,320","2,531",334,"3,487",887.5,68.42,"""3476070"""
Waldwick,7463,Bergen,41.013109,-74.12231,,NA,"10,207",NA,"9,581",NA,6.50%,"9,625",6.40%,24.50%,17.20%,50.30%,88.60%,1.40%,0.00%,7.20%,0.00%,1.90%,10.10%,79.70%,324,13.30%,X,89.80%,"$440,800 ","$2,855 ","$1,199 ","$2,006 ",X,"3,574",2.78,94.50%,15.40%,94.00%,91.70%,94.90%,52.50%,3.50%,2.50%,72.60%,65.60%,"13,164","48,583","46,163","93,813","70,147","$7,116 ",28.2,"$119,434 ","$49,088 ",4.40%,X,X,X,X,X,"1,075",630,314,189,844,159,873,"4,656.50",2.07,"""3476400"""
Wallington,7057,Bergen,40.852931,-74.10925,,NA,"11,591",NA,"11,335",NA,2.30%,"11,335",4.50%,17.60%,15.00%,52.20%,87.30%,4.00%,0.10%,7.20%,0.00%,0.50%,13.50%,75.40%,300,44.60%,X,41.40%,"$356,800 ","$2,756 ","$1,053 ","$1,232 ",X,"4,676",2.47,94.10%,61.80%,90.20%,81.50%,90.90%,30.50%,5.10%,16.00%,65.60%,58.00%,"5,178",D,D,"102,483","60,517","$5,221 ",28.9,"$65,212 ","$36,586 ",10.60%,X,X,X,X,X,"1,191",744,350,124,"1,033",140,"1,033","11,531.00",0.98,"""3476490"""
Wanaque,7465,Passaic,41.052958,-74.28236,,NA,"11,741",NA,"11,073",NA,6.00%,"11,116",5.70%,19.50%,22.40%,49.50%,86.40%,3.80%,0.00%,5.40%,0.00%,2.80%,12.20%,76.60%,665,17.30%,X,85.30%,"$313,000 ","$2,548 ","$1,299 ","$1,542 ",X,"4,085",2.74,92.20%,20.90%,94.40%,91.40%,92.60%,34.20%,6.60%,6.80%,62.60%,53.90%,"6,559","50,805",D,D,"78,178","$7,013 ",33.7,"$90,091 ","$41,987 ",5.60%,X,X,X,X,X,874,613,213,101,755,94,754,"1,391.20",7.99,"""3476730"""
Washington,7882,Warren,40.753753,-74.99617,,NA,"6,452",NA,"6,461",NA,-0.10%,"6,461",5.50%,20.50%,11.10%,51.20%,85.00%,6.40%,0.00%,3.90%,0.00%,1.80%,13.20%,75.50%,172,10.40%,X,51.40%,"$210,600 ","$1,899 ",$962 ,"$1,122 ",X,"2,632",2.45,88.00%,14.40%,91.00%,90.10%,86.90%,21.40%,6.30%,9.30%,76.60%,71.30%,"7,658","14,480",D,D,"81,058","$12,626 ",35.9,"$64,754 ","$33,735 ",7.40%,X,X,X,X,X,647,386,197,106,520,113,472,"3,327.00",1.94,"""3477270"""
Watchung,7069,Somerset,40.641207,-74.443695,,NA,"6,055",NA,"5,983",NA,1.20%,"5,801",4.30%,23.30%,22.10%,54.70%,80.60%,1.00%,0.00%,14.30%,0.00%,0.30%,14.10%,70.40%,334,17.30%,X,77.50%,"$719,400 ","$3,646 ","$1,500+","$1,534 ",X,"1,899",3.08,90.00%,26.90%,90.60%,90.60%,97.80%,55.20%,5.00%,3.80%,59.30%,50.70%,"26,577",D,D,"34,315","642,654","$110,119 ",38.7,"$153,341 ","$62,885 ",3.80%,X,X,X,X,X,822,478,263,101,652,60,683,962.7,6.03,"""3477600"""
West Long Branch,7764,Monmouth,40.289985,-74.01671,,NA,"7,909",NA,"8,084",NA,-2.20%,"8,097",5.30%,20.70%,14.40%,55.70%,91.30%,4.60%,0.00%,0.70%,0.00%,1.90%,6.10%,86.60%,270,7.00%,X,76.70%,"$419,700 ","$2,757 ","$1,124 ","$1,586 ",X,"2,459",2.73,82.70%,11.70%,92.40%,87.40%,92.10%,42.30%,3.50%,9.80%,61.80%,57.10%,D,"79,437",D,"28,541","353,578","$41,519 ",24.3,"$104,566 ","$39,709 ",6.20%,X,X,X,X,X,848,561,225,55,740,28,762,"2,833.10",2.86,"""3479310"""
West New York,7093,Hudson,40.7895,-74.01223,,NA,"52,990",NA,"49,700",NA,6.60%,"49,708",7.00%,20.70%,12.40%,50.10%,60.30%,3.40%,0.20%,6.20%,0.20%,3.00%,76.40%,13.90%,605,61.10%,X,21.30%,"$315,200 ","$2,384 ","$1,254 ","$1,287 ",X,"19,646",2.67,87.10%,83.00%,86.30%,75.40%,74.50%,29.10%,5.70%,25.90%,69.40%,61.20%,"42,845","99,043","23,237",D,"288,925","$5,614 ",37.2,"$54,512 ","$28,221 ",20.20%,X,X,X,X,X,"4,252","2,455","1,509","2,957","1,222",208,"4,008","49,362.50",1.01,"""3479610"""
Westfield,7090,Union,40.649202,-74.34567,,NA,"29,881",NA,"30,296",NA,-1.40%,"30,316",6.20%,29.10%,14.10%,52.30%,84.70%,3.00%,0.10%,7.10%,0.00%,1.70%,7.60%,80.30%,861,11.10%,X,83.20%,"$727,600 ","$3,768 ","$1,500+","$1,663 ",X,"10,376",2.87,90.70%,14.00%,93.90%,91.40%,97.60%,73.40%,3.20%,2.00%,67.20%,58.50%,D,"188,031","11,127",D,"262,436","$8,565 ",40.5,"$168,721 ","$80,638 ",2.90%,X,X,X,X,X,"3,135","2,001",840,289,"2,681",240,"2,728","4,512.00",6.72,"""3479040"""
Westwood,7675,Bergen,40.99904,-74.03291,,NA,"11,155",NA,"10,927",NA,2.10%,"10,908",4.00%,22.10%,19.00%,52.20%,82.00%,3.00%,0.00%,8.70%,0.00%,2.10%,20.70%,66.00%,420,21.20%,X,59.20%,"$447,100 ","$2,900 ","$1,131 ","$1,748 ",X,"4,387",2.52,87.50%,26.70%,92.60%,90.00%,93.00%,51.00%,5.20%,4.70%,70.60%,63.10%,"17,659","97,813",D,"54,820","148,189","$13,458 ",35.6,"$102,938 ","$51,798 ",6.30%,X,X,X,X,X,"1,346",798,382,248,"1,018",75,"1,185","4,813.80",2.27,"""3480270"""
Wharton,7885,Morris,40.913298,-74.58246,,NA,"6,457",NA,"6,534",NA,-1.20%,"6,522",6.20%,25.40%,13.40%,50.90%,55.80%,1.30%,0.20%,8.10%,0.00%,4.20%,52.20%,36.30%,239,33.70%,X,51.00%,"$294,400 ","$2,270 ",$941 ,"$1,431 ",X,"2,339",2.78,95.00%,55.60%,88.80%,78.50%,86.00%,27.00%,6.50%,11.80%,67.70%,60.80%,"6,144",D,D,D,"241,564","$36,729 ",26.4,"$69,271 ","$33,590 ",4.50%,X,X,X,X,X,498,333,130,224,259,47,433,"3,039.10",2.15,"""3480390"""
Wood Ridge,7075,Bergen,40.847638,-74.08754,,NA,"9,159",NA,"7,628",NA,20.10%,"7,626",6.50%,19.40%,14.50%,52.40%,78.40%,3.10%,0.00%,11.90%,0.00%,4.10%,13.40%,68.60%,327,19.50%,X,69.00%,"$386,600 ","$2,696 ","$1,054 ","$1,670 ",X,"3,252",2.62,91.30%,25.90%,93.10%,92.40%,95.50%,41.60%,4.40%,7.20%,66.20%,64.40%,"14,622","3,981","41,974","260,434","151,118","$18,081 ",29.8,"$92,989 ","$43,594 ",5.50%,X,X,X,X,X,653,370,209,159,482,34,607,"6,951.70",1.1,"""3482570"""
Woodbury,8096,Gloucester,39.830313,-75.13221,,NA,"9,852",NA,"10,151",NA,-2.90%,"10,174",9.40%,22.70%,14.40%,53.70%,56.90%,30.90%,0.20%,0.90%,0.00%,6.20%,12.10%,52.90%,444,7.90%,X,55.60%,"$161,700 ","$1,838 ",$971 ,"$1,070 ",X,"3,903",2.52,89.00%,11.20%,83.20%,70.70%,89.60%,28.90%,13.10%,11.30%,65.90%,56.90%,"21,455","324,853",D,D,"316,724","$31,405 ",31,"$53,281 ","$29,495 ",21.20%,X,X,X,X,X,903,592,206,201,645,122,726,"5,064.20",2.01,"""3482120"""
Woodcliff Lake,7677,Bergen,41.025101,-74.059762,,NA,"5,862",NA,"5,715",NA,2.60%,"5,730",4.10%,23.00%,17.20%,53.40%,89.00%,3.20%,0.10%,6.70%,0.00%,1.00%,0.80%,88.20%,242,11.30%,X,89.10%,"$790,400 ","$4,000+","$1,500+","$1,772 ",X,"2,009",2.84,94.20%,16.20%,94.70%,93.20%,99.30%,72.10%,1.50%,1.40%,63.30%,59.00%,"17,459","40,183",X,D,"146,239","$25,097 ",32.5,"$167,344 ","$80,195 ",2.70%,X,X,X,X,X,905,597,255,68,795,127,734,"1,682.80",3.41,"""3482300"""
,,,,,,,,,,,,,,,,,,,,,,,,,,,,,,,,,,,,,,,,,,,,,,,,,,,,,,,,,,,,,,,,,,,,,,
,,,,,,,,,,,,,,,,,,,,,,,,,,,,,,,,,,,,,,,,,,,,,,,,,,,,,,,,,,,,,,,,,,,,,,
,,,,,,,,,,,,,,,,,,,,,,,,,,,,,,,,,,,,,,,,,,,,,,,,,,,,,,,,,,,,,,,,,,,,,,
,,,,,,,,,,,,,,,,,,,,,,,,,,,,,,,,,,,,,,,,,,,,,,,,,,,,,,,,,,,,,,,,,,,,,,
,,,,,,,,,,,,,,,,,,,,,,,,,,,,,,,,,,,,,,,,,,,,,,,,,,,,,,,,,,,,,,,,,,,,,,
,,,,,,,,,,,,,,,,,,,,,,,,,,,,,,,,,,,,,,,,,,,,,,,,,,,,,,,,,,,,,,,,,,,,,,
,,,,,,,,,,,,,,,,,,,,,,,,,,,,,,,,,,,,,,,,,,,,,,,,,,,,,,,,,,,,,,,,,,,,,,
,,,,,,,,,,,,,,,,,,,,,,,,,,,,,,,,,,,,,,,,,,,,,,,,,,,,,,,,,,,,,,,,,,,,,,
,,,,,,,,,,,,,,,,,,,,,,,,,,,,,,,,,,,,,,,,,,,,,,,,,,,,,,,,,,,,,,,,,,,,,,
,,,,,,,,,,,,,,,,,,,,,,,,,,,,,,,,,,,,,,,,,,,,,,,,,,,,,,,,,,,,,,,,,,,,,,
,,,,,,,,,,,,,,,,,,,,,,,,,,,,,,,,,,,,,,,,,,,,,,,,,,,,,,,,,,,,,,,,,,,,,,
,,,,,,,,,,,,,,,,,,,,,,,,,,,,,,,,,,,,,,,,,,,,,,,,,,,,,,,,,,,,,,,,,,,,,,
,,,,,,,,,,,,,,,,,,,,,,,,,,,,,,,,,,,,,,,,,,,,,,,,,,,,,,,,,,,,,,,,,,,,,,
,,,,,,,,,,,,,,,,,,,,,,,,,,,,,,,,,,,,,,,,,,,,,,,,,,,,,,,,,,,,,,,,,,,,,,
,,,,,,,,,,,,,,,,,,,,,,,,,,,,,,,,,,,,,,,,,,,,,,,,,,,,,,,,,,,,,,,,,,,,,,
