,City,2005,2006,2007,2008,2009,2010,2011,2012,2013,2014,2015,2016,2017,2018,Latitude,Longitude
0,Absecon,0.0,0.0,100.0,0.0,200.0,200.0,200.0,200.0,200.0,100.0,200.0,300.0,200.0,300.0,39.457516999999996,-74.50914
1,Allendale,500.0,400.0,500.0,400.0,400.0,500.0,500.0,500.0,500.0,500.0,500.0,500.0,500.0,500.0,41.031504999999996,-74.13409
2,Allenhurst,100.0,300.0,200.0,100.0,200.0,200.0,300.0,300.0,0.0,400.0,400.0,300.0,200.0,400.0,40.236916,-74.0069
3,Allentown,500.0,400.0,400.0,400.0,400.0,500.0,400.0,500.0,400.0,500.0,500.0,500.0,500.0,500.0,40.164556,-74.57785
5,Alpine,500.0,500.0,500.0,500.0,500.0,500.0,500.0,500.0,500.0,500.0,500.0,500.0,500.0,400.0,40.952814000000004,-73.93064
6,Andover,500.0,500.0,400.0,500.0,500.0,500.0,500.0,500.0,500.0,500.0,500.0,500.0,500.0,500.0,40.966308000000005,-74.74298
7,Asbury Park,0.0,0.0,0.0,0.0,0.0,0.0,0.0,0.0,0.0,0.0,0.0,0.0,0.0,0.0,40.232713000000004,-74.03143
8,Atlantic City,0.0,0.0,0.0,0.0,0.0,0.0,0.0,0.0,0.0,0.0,0.0,500.0,0.0,0.0,39.364965999999995,-74.43903
9,Atlantic Highlands,400.0,400.0,400.0,400.0,300.0,400.0,400.0,400.0,400.0,400.0,400.0,500.0,500.0,500.0,40.407958,-74.03483
10,Audubon,300.0,300.0,300.0,300.0,200.0,300.0,200.0,200.0,200.0,200.0,200.0,200.0,300.0,300.0,39.892213,-75.07212
12,Avalon,0.0,0.0,0.0,0.0,0.0,0.0,0.0,0.0,0.0,0.0,0.0,0.0,0.0,0.0,39.092928,-74.72688000000001
14,Barnegat Light,200.0,300.0,400.0,400.0,400.0,400.0,400.0,400.0,200.0,500.0,0.0,500.0,500.0,400.0,39.75196,-74.11074
15,Barrington,400.0,400.0,400.0,400.0,400.0,400.0,400.0,400.0,400.0,400.0,400.0,400.0,400.0,400.0,39.868013,-75.05424000000001
17,Bayonne,300.0,300.0,300.0,200.0,300.0,300.0,300.0,400.0,400.0,400.0,300.0,400.0,400.0,400.0,40.666552,-74.11768000000001
18,Beach Haven,0.0,0.0,0.0,0.0,0.0,0.0,0.0,0.0,0.0,0.0,0.0,0.0,0.0,0.0,39.614596,-74.2005
19,Beachwood,400.0,300.0,300.0,300.0,300.0,300.0,400.0,400.0,400.0,400.0,400.0,400.0,400.0,400.0,39.931067999999996,-74.19618
20,Belleville,100.0,200.0,200.0,200.0,200.0,300.0,100.0,200.0,200.0,200.0,200.0,300.0,300.0,300.0,40.7935,-74.16144
21,Bellmawr,300.0,300.0,200.0,200.0,300.0,300.0,200.0,300.0,300.0,400.0,300.0,300.0,300.0,400.0,39.867013,-75.09161999999999
22,Belmar,0.0,0.0,0.0,0.0,0.0,0.0,0.0,100.0,100.0,200.0,100.0,200.0,300.0,300.0,40.302718,-74.24928
23,Belvidere,500.0,500.0,500.0,500.0,500.0,500.0,400.0,400.0,400.0,500.0,500.0,200.0,300.0,400.0,40.82383,-75.04585
24,Bergenfield,500.0,400.0,400.0,400.0,500.0,500.0,500.0,500.0,500.0,500.0,500.0,500.0,500.0,500.0,40.923747999999996,-73.99879
25,Berkeley Heights,500.0,500.0,500.0,500.0,500.0,500.0,500.0,500.0,500.0,500.0,500.0,500.0,500.0,500.0,40.675112,-74.43459
26,Berlin,300.0,300.0,300.0,300.0,300.0,300.0,300.0,300.0,300.0,400.0,400.0,300.0,400.0,300.0,39.779582,-74.9365
27,Bernardsville,500.0,500.0,500.0,500.0,500.0,500.0,500.0,500.0,500.0,500.0,500.0,500.0,500.0,500.0,40.723440000000004,-74.57753000000001
28,Beverly,100.0,0.0,100.0,0.0,100.0,200.0,200.0,200.0,100.0,0.0,100.0,0.0,100.0,300.0,40.058211,-74.91404
29,Blairstown,500.0,400.0,500.0,400.0,400.0,500.0,500.0,500.0,500.0,500.0,500.0,500.0,500.0,500.0,40.96035,-74.96243
30,Bloomfield,100.0,200.0,200.0,200.0,200.0,200.0,200.0,200.0,200.0,300.0,300.0,400.0,400.0,400.0,40.803000000000004,-74.18895
31,Bloomingdale,500.0,500.0,500.0,400.0,400.0,500.0,400.0,500.0,500.0,500.0,400.0,500.0,500.0,500.0,41.014497,-74.33021
32,Bogota,400.0,400.0,400.0,400.0,400.0,400.0,400.0,500.0,500.0,500.0,400.0,500.0,500.0,500.0,40.873876,-74.02769
33,Boonton,400.0,500.0,500.0,400.0,300.0,400.0,400.0,400.0,400.0,500.0,400.0,400.0,500.0,400.0,40.912797999999995,-74.41516
34,Bordentown,300.0,400.0,400.0,400.0,400.0,400.0,500.0,400.0,500.0,500.0,500.0,500.0,400.0,500.0,40.132784,-74.71778
35,Bound Brook,200.0,200.0,300.0,300.0,300.0,300.0,200.0,300.0,300.0,300.0,400.0,400.0,300.0,400.0,40.567953,-74.54034
36,Bradley Beach,100.0,200.0,200.0,200.0,200.0,200.0,200.0,200.0,300.0,200.0,300.0,400.0,400.0,400.0,40.202113,-74.01353
37,Bridgeton,0.0,0.0,0.0,0.0,0.0,0.0,0.0,0.0,0.0,0.0,0.0,0.0,0.0,0.0,39.445164,-75.24215
38,Brielle,400.0,400.0,400.0,400.0,400.0,500.0,500.0,400.0,500.0,500.0,500.0,500.0,500.0,500.0,40.108433000000005,-74.06226
39,Brigantine,400.0,400.0,400.0,400.0,400.0,400.0,300.0,500.0,400.0,300.0,400.0,400.0,400.0,400.0,39.401801,-74.38016999999999
41,Buena,0.0,100.0,0.0,100.0,200.0,200.0,200.0,200.0,300.0,300.0,200.0,200.0,100.0,400.0,39.522686,-74.89684
42,Burlington,200.0,100.0,100.0,100.0,200.0,100.0,100.0,200.0,0.0,200.0,200.0,100.0,100.0,200.0,40.06834,-74.84463000000001
43,Butler,400.0,300.0,300.0,400.0,400.0,300.0,400.0,400.0,400.0,400.0,400.0,400.0,500.0,500.0,40.99313,-74.35893
44,Caldwell,500.0,500.0,500.0,500.0,400.0,500.0,400.0,400.0,400.0,400.0,500.0,500.0,400.0,500.0,40.848999,-74.27917
46,Camden,0.0,0.0,0.0,0.0,0.0,0.0,0.0,0.0,500.0,500.0,500.0,500.0,500.0,500.0,39.80237,-74.938259
47,Cape May,100.0,0.0,100.0,100.0,100.0,200.0,100.0,100.0,200.0,200.0,200.0,100.0,400.0,300.0,38.963652,-74.92319
48,Cape May Point,0.0,0.0,200.0,0.0,0.0,0.0,200.0,400.0,200.0,400.0,400.0,500.0,300.0,500.0,38.936896000000004,-74.96526
49,Carlstadt,200.0,300.0,200.0,200.0,300.0,200.0,300.0,300.0,300.0,400.0,400.0,300.0,300.0,400.0,40.836555,-74.08466
50,Carteret,300.0,200.0,300.0,300.0,400.0,300.0,300.0,300.0,300.0,300.0,400.0,400.0,400.0,400.0,40.582504,-74.22997
51,Cedar Grove,400.0,400.0,400.0,400.0,400.0,400.0,400.0,500.0,500.0,500.0,500.0,500.0,500.0,500.0,40.855854,-74.22898
52,Chatham,500.0,400.0,500.0,500.0,400.0,500.0,500.0,500.0,500.0,500.0,500.0,500.0,500.0,500.0,40.7332,-74.39735999999999
54,Chester,500.0,400.0,400.0,400.0,300.0,400.0,400.0,400.0,300.0,500.0,500.0,500.0,400.0,500.0,40.786549,-74.68799
55,Clark,400.0,400.0,400.0,500.0,500.0,400.0,400.0,400.0,400.0,500.0,500.0,500.0,400.0,400.0,40.620336,-74.30934
56,Clayton,100.0,300.0,200.0,300.0,300.0,300.0,400.0,300.0,300.0,400.0,400.0,400.0,300.0,400.0,39.655964000000004,-75.08736
57,Clementon,0.0,0.0,100.0,0.0,0.0,0.0,0.0,0.0,0.0,200.0,100.0,100.0,100.0,200.0,39.810485,-74.99574
58,Cliffside Park,400.0,400.0,400.0,400.0,400.0,400.0,400.0,400.0,400.0,400.0,400.0,500.0,500.0,500.0,40.82154,-73.98949
59,Clifton,200.0,200.0,200.0,200.0,300.0,500.0,300.0,300.0,300.0,300.0,300.0,300.0,300.0,400.0,40.879699,-74.14263000000001
60,Clinton,400.0,500.0,500.0,400.0,500.0,400.0,300.0,400.0,300.0,300.0,500.0,400.0,500.0,500.0,40.639546,-74.91292
61,Closter,500.0,500.0,500.0,500.0,500.0,500.0,500.0,500.0,500.0,500.0,500.0,500.0,500.0,500.0,40.971956,-73.96166
62,Collingswood,200.0,300.0,200.0,100.0,100.0,100.0,100.0,100.0,200.0,300.0,300.0,200.0,200.0,300.0,39.915263,-75.06401
63,Cranbury,400.0,300.0,400.0,400.0,500.0,500.0,500.0,400.0,400.0,500.0,400.0,500.0,500.0,500.0,40.306286,-74.52627
64,Cranford,400.0,400.0,500.0,400.0,400.0,400.0,400.0,400.0,500.0,500.0,500.0,500.0,500.0,500.0,40.656302000000004,-74.30371
65,Cresskill,500.0,500.0,500.0,500.0,500.0,500.0,500.0,500.0,500.0,500.0,500.0,500.0,500.0,500.0,40.942074,-73.96504
66,Deal,200.0,200.0,0.0,100.0,100.0,0.0,0.0,0.0,0.0,0.0,100.0,200.0,200.0,200.0,40.250104,-74.00153
67,Demarest,500.0,500.0,500.0,500.0,500.0,500.0,500.0,500.0,500.0,500.0,500.0,500.0,500.0,500.0,40.955603,-73.96044
68,Dover,200.0,200.0,200.0,300.0,300.0,300.0,200.0,300.0,400.0,300.0,400.0,400.0,400.0,400.0,40.889165999999996,-74.55462
69,Dumont,500.0,400.0,400.0,400.0,500.0,500.0,500.0,400.0,500.0,500.0,500.0,500.0,500.0,500.0,40.945173,-73.99342
70,Dunellen,300.0,400.0,300.0,300.0,300.0,200.0,300.0,200.0,400.0,200.0,400.0,500.0,300.0,400.0,40.594502,-74.47166
71,East Brunswick,400.0,400.0,400.0,400.0,300.0,400.0,400.0,400.0,400.0,400.0,400.0,400.0,400.0,400.0,40.434239,-74.40504
73,East Orange,0.0,0.0,0.0,0.0,0.0,0.0,0.0,100.0,100.0,100.0,100.0,100.0,0.0,200.0,40.770933,-74.20589
74,East Rutherford,200.0,200.0,300.0,300.0,400.0,300.0,300.0,300.0,400.0,500.0,500.0,400.0,400.0,400.0,40.830158000000004,-74.09707
75,Eatontown,200.0,100.0,200.0,100.0,100.0,100.0,100.0,100.0,200.0,200.0,100.0,200.0,200.0,200.0,40.301978999999996,-74.06889
76,Edgewater,400.0,300.0,400.0,400.0,300.0,300.0,400.0,400.0,400.0,400.0,300.0,400.0,400.0,400.0,40.830733,-73.97334000000001
77,Edison,300.0,200.0,300.0,300.0,300.0,300.0,300.0,400.0,400.0,400.0,400.0,400.0,400.0,400.0,40.516104,-74.39754
78,Egg Harbor City,200.0,300.0,100.0,0.0,200.0,0.0,100.0,0.0,100.0,100.0,200.0,200.0,100.0,200.0,39.548049,-74.62171
79,Elizabeth,0.0,0.0,0.0,0.0,0.0,0.0,0.0,0.0,0.0,0.0,0.0,0.0,0.0,0.0,40.669502,-74.19889
80,Elmer,500.0,400.0,400.0,400.0,400.0,500.0,500.0,500.0,500.0,500.0,400.0,500.0,500.0,500.0,39.553504,-75.16843
81,Elmwood Park,300.0,300.0,300.0,300.0,300.0,300.0,300.0,400.0,400.0,400.0,300.0,300.0,400.0,400.0,40.905639,-74.1199
82,Emerson,500.0,500.0,500.0,500.0,500.0,500.0,500.0,500.0,500.0,500.0,500.0,500.0,500.0,500.0,40.97514,-74.02725
83,Englewood Cliffs,400.0,400.0,400.0,400.0,400.0,500.0,400.0,400.0,400.0,500.0,500.0,500.0,500.0,400.0,40.883749,-73.95173
84,Englewood,200.0,200.0,300.0,300.0,300.0,300.0,300.0,300.0,200.0,300.0,300.0,400.0,300.0,300.0,40.893343,-73.9758
85,Englishtown,500.0,500.0,400.0,500.0,500.0,300.0,400.0,500.0,400.0,300.0,300.0,400.0,200.0,300.0,40.294244,-74.34213000000001
86,Essex Fells,500.0,500.0,500.0,500.0,500.0,400.0,500.0,500.0,300.0,500.0,500.0,500.0,500.0,500.0,40.827498999999996,-74.28090999999999
88,Fair Haven,500.0,500.0,500.0,500.0,500.0,500.0,500.0,500.0,500.0,500.0,500.0,500.0,500.0,500.0,40.360580999999996,-74.03738
89,Fair Lawn,400.0,400.0,400.0,400.0,400.0,400.0,400.0,400.0,500.0,400.0,400.0,400.0,400.0,400.0,40.933943,-74.11671
90,Fairfield,200.0,500.0,500.0,500.0,500.0,500.0,500.0,500.0,500.0,500.0,300.0,400.0,300.0,300.0,40.879049,-74.29378
91,Fairview,200.0,200.0,200.0,200.0,300.0,300.0,300.0,400.0,400.0,300.0,400.0,400.0,400.0,400.0,40.816736999999996,-74.00081999999999
92,Fanwood,400.0,500.0,400.0,400.0,400.0,500.0,400.0,500.0,400.0,500.0,500.0,500.0,500.0,500.0,40.641852,-74.38533000000001
93,Far Hills,500.0,400.0,400.0,500.0,500.0,500.0,400.0,500.0,500.0,500.0,200.0,500.0,500.0,400.0,40.696601,-74.63781
95,Flemington,300.0,300.0,100.0,0.0,200.0,400.0,300.0,400.0,400.0,400.0,400.0,400.0,400.0,400.0,40.515645,-74.85319
96,Florence,400.0,400.0,400.0,300.0,400.0,400.0,400.0,400.0,400.0,500.0,500.0,400.0,400.0,400.0,40.117909999999995,-74.8047
97,Florham Park,500.0,500.0,400.0,500.0,500.0,500.0,500.0,500.0,500.0,500.0,500.0,400.0,400.0,500.0,40.77835,-74.39009
98,Fort Lee,400.0,500.0,500.0,500.0,500.0,400.0,500.0,400.0,500.0,500.0,500.0,400.0,500.0,500.0,40.849879,-73.97501
99,Franklin,400.0,400.0,400.0,300.0,400.0,300.0,300.0,300.0,400.0,300.0,400.0,400.0,500.0,300.0,41.11736,-74.58784
100,Franklin Lakes,500.0,500.0,500.0,500.0,500.0,500.0,500.0,500.0,500.0,500.0,500.0,500.0,500.0,500.0,41.010433,-74.20846999999999
101,Freehold,200.0,200.0,100.0,0.0,200.0,100.0,300.0,200.0,200.0,300.0,300.0,400.0,400.0,400.0,40.241036,-74.27629
102,Frenchtown,200.0,400.0,400.0,400.0,400.0,400.0,400.0,400.0,400.0,500.0,500.0,500.0,500.0,500.0,40.509997999999996,-75.03239
103,Garfield,300.0,300.0,300.0,400.0,300.0,300.0,300.0,300.0,300.0,300.0,300.0,300.0,300.0,300.0,40.879858,-74.10807
104,Garwood,400.0,400.0,400.0,500.0,500.0,400.0,400.0,400.0,400.0,400.0,400.0,400.0,500.0,500.0,40.650802,-74.32351
105,Gibbsboro,300.0,300.0,400.0,400.0,200.0,300.0,300.0,200.0,300.0,500.0,400.0,400.0,400.0,400.0,39.833847,-74.96899
106,Glassboro,0.0,0.0,0.0,200.0,200.0,300.0,300.0,200.0,300.0,300.0,300.0,300.0,300.0,300.0,39.700008000000004,-75.11950999999999
107,Glen Ridge,100.0,300.0,300.0,300.0,300.0,300.0,300.0,300.0,300.0,400.0,300.0,400.0,300.0,400.0,40.80495,-74.2047
108,Glen Rock,500.0,500.0,500.0,500.0,500.0,500.0,500.0,500.0,500.0,500.0,500.0,500.0,500.0,500.0,40.961109,-74.12576
109,Gloucester City,200.0,200.0,100.0,200.0,200.0,200.0,100.0,200.0,200.0,500.0,300.0,300.0,300.0,200.0,39.891113,-75.11836
110,Greenwich,500.0,500.0,500.0,500.0,500.0,500.0,500.0,500.0,500.0,500.0,300.0,400.0,400.0,400.0,39.402763,-75.3574
112,Hackensack,200.0,200.0,200.0,200.0,200.0,300.0,300.0,300.0,300.0,400.0,300.0,300.0,300.0,300.0,40.888678000000006,-74.0488
113,Hackettstown,400.0,300.0,400.0,300.0,400.0,400.0,400.0,500.0,400.0,400.0,400.0,400.0,500.0,500.0,40.861748,-74.83054
114,Haddon Heights,400.0,400.0,400.0,400.0,400.0,400.0,300.0,300.0,400.0,400.0,400.0,400.0,500.0,500.0,39.879129999999996,-75.06599
115,Haddonfield,400.0,300.0,400.0,400.0,400.0,300.0,400.0,400.0,400.0,400.0,400.0,400.0,400.0,500.0,39.895213,-75.04019
116,Haledon,400.0,400.0,300.0,300.0,300.0,200.0,200.0,300.0,300.0,300.0,300.0,200.0,300.0,400.0,40.945198,-74.18285999999999
117,Hamburg,500.0,400.0,400.0,400.0,400.0,400.0,400.0,400.0,500.0,500.0,500.0,500.0,500.0,500.0,41.156187,-74.57094000000001
118,Hammonton,300.0,300.0,400.0,400.0,400.0,300.0,400.0,400.0,400.0,400.0,400.0,400.0,400.0,400.0,39.625291,-74.77705
119,Harrington Park,500.0,500.0,500.0,500.0,500.0,500.0,500.0,500.0,500.0,500.0,500.0,500.0,500.0,500.0,40.989357,-73.97958
120,Harrison,100.0,100.0,200.0,200.0,300.0,300.0,100.0,100.0,200.0,300.0,300.0,300.0,200.0,200.0,40.745951,-74.15509
122,Hasbrouck Heights,400.0,400.0,500.0,500.0,500.0,500.0,500.0,500.0,500.0,400.0,500.0,500.0,500.0,500.0,40.86289,-74.07506
123,Haworth,500.0,500.0,500.0,500.0,500.0,500.0,500.0,500.0,500.0,500.0,500.0,500.0,500.0,500.0,40.958573,-73.98659
124,Hawthorne,400.0,400.0,400.0,400.0,400.0,400.0,400.0,400.0,400.0,500.0,500.0,400.0,500.0,500.0,40.957498,-74.15626999999999
125,Helmetta,500.0,500.0,500.0,500.0,500.0,500.0,400.0,400.0,300.0,400.0,500.0,500.0,500.0,500.0,40.37594,-74.41955
127,High Bridge,400.0,400.0,400.0,400.0,400.0,200.0,400.0,500.0,500.0,500.0,500.0,500.0,500.0,500.0,40.668594,-74.89241
128,Highland Park,400.0,400.0,400.0,400.0,400.0,400.0,400.0,400.0,400.0,400.0,500.0,500.0,400.0,400.0,40.500254,-74.4257
129,Highlands,300.0,400.0,400.0,400.0,400.0,300.0,300.0,300.0,400.0,400.0,400.0,500.0,500.0,500.0,40.404474,-73.9904
130,Hightstown,300.0,200.0,300.0,300.0,400.0,400.0,300.0,500.0,200.0,400.0,400.0,400.0,400.0,500.0,40.262809000000004,-74.53246
131,Hillsdale,500.0,500.0,500.0,500.0,500.0,500.0,500.0,500.0,500.0,500.0,500.0,500.0,500.0,500.0,41.007389,-74.04247
132,Hillside,0.0,0.0,0.0,0.0,0.0,0.0,100.0,100.0,100.0,100.0,200.0,200.0,200.0,300.0,40.695552,-74.22856
133,Ho Ho Kus,500.0,500.0,500.0,500.0,500.0,500.0,500.0,500.0,500.0,400.0,500.0,500.0,500.0,500.0,41.001695,-74.10239
134,Hoboken,100.0,200.0,200.0,200.0,200.0,200.0,200.0,300.0,300.0,300.0,300.0,300.0,300.0,300.0,40.744851000000004,-74.03294
135,Hopatcong,500.0,500.0,500.0,500.0,500.0,500.0,500.0,500.0,400.0,500.0,500.0,500.0,500.0,500.0,40.937206,-74.66147
136,Hopewell,400.0,500.0,400.0,500.0,500.0,500.0,400.0,400.0,400.0,400.0,500.0,500.0,500.0,500.0,40.386902,-74.78112
138,Irvington,0.0,0.0,0.0,0.0,0.0,0.0,0.0,0.0,0.0,0.0,0.0,0.0,0.0,0.0,40.725651,-74.23207
139,Island Heights,500.0,500.0,500.0,400.0,400.0,500.0,500.0,500.0,500.0,500.0,400.0,500.0,500.0,400.0,39.942615999999994,-74.14689
141,Jersey City,0.0,0.0,0.0,0.0,0.0,0.0,0.0,0.0,100.0,200.0,100.0,200.0,100.0,200.0,40.73276,-74.075485
142,Keansburg,200.0,100.0,200.0,200.0,200.0,200.0,100.0,100.0,300.0,300.0,300.0,300.0,200.0,300.0,40.444407,-74.13298
143,Kearny,200.0,200.0,200.0,200.0,200.0,200.0,200.0,300.0,300.0,300.0,300.0,300.0,400.0,400.0,40.763051000000004,-74.13718
144,Kenilworth,400.0,400.0,400.0,300.0,300.0,400.0,300.0,300.0,300.0,300.0,400.0,400.0,300.0,400.0,40.674652,-74.2908
145,Keyport,300.0,300.0,300.0,400.0,500.0,400.0,200.0,200.0,300.0,300.0,300.0,300.0,300.0,300.0,40.439714,-74.19374
148,Lakehurst,200.0,300.0,300.0,100.0,300.0,400.0,400.0,400.0,400.0,500.0,500.0,400.0,500.0,300.0,40.017117,-74.30490999999999
149,Lakewood,200.0,200.0,200.0,200.0,300.0,300.0,400.0,400.0,400.0,400.0,400.0,400.0,400.0,400.0,40.082782,-74.2094
150,Lambertville,300.0,300.0,300.0,300.0,400.0,400.0,400.0,400.0,400.0,400.0,400.0,300.0,400.0,400.0,40.375039,-74.93184000000001
152,Lavallette,500.0,500.0,300.0,300.0,200.0,300.0,200.0,200.0,400.0,400.0,400.0,400.0,400.0,500.0,39.982101,-74.06768000000001
153,Lawnside,0.0,100.0,0.0,0.0,0.0,0.0,0.0,500.0,500.0,100.0,100.0,0.0,100.0,100.0,39.866513,-75.03197
154,Lebanon,400.0,500.0,500.0,400.0,500.0,500.0,500.0,500.0,500.0,500.0,500.0,500.0,500.0,500.0,40.643314000000004,-74.82345
155,Leonia,400.0,500.0,400.0,500.0,400.0,500.0,400.0,400.0,500.0,500.0,500.0,500.0,500.0,500.0,40.862685,-73.98550999999999
156,Lincoln Park,400.0,500.0,400.0,500.0,500.0,500.0,500.0,400.0,400.0,500.0,500.0,500.0,500.0,500.0,40.923233,-74.29375999999999
157,Linden,100.0,100.0,100.0,100.0,200.0,100.0,100.0,200.0,200.0,200.0,200.0,200.0,200.0,200.0,40.633953000000005,-74.25339
159,Linwood,400.0,400.0,400.0,400.0,300.0,400.0,400.0,400.0,500.0,500.0,500.0,500.0,400.0,400.0,39.348616,-74.57387
160,Little Falls,200.0,100.0,200.0,200.0,400.0,400.0,400.0,400.0,400.0,400.0,400.0,400.0,400.0,400.0,40.886628,-74.21405
161,Little Ferry,400.0,400.0,400.0,400.0,400.0,400.0,400.0,400.0,400.0,500.0,400.0,500.0,400.0,500.0,40.850621000000004,-74.04111999999999
162,Little Silver,400.0,500.0,400.0,400.0,400.0,400.0,500.0,400.0,400.0,500.0,500.0,500.0,500.0,500.0,40.33517,-74.04059000000001
163,Livingston,400.0,400.0,400.0,400.0,400.0,400.0,400.0,400.0,400.0,400.0,500.0,400.0,500.0,400.0,40.788733,-74.32134
165,Lodi,300.0,400.0,400.0,400.0,400.0,400.0,400.0,300.0,400.0,300.0,400.0,400.0,300.0,400.0,40.877998999999996,-74.08265
166,Long Branch,200.0,100.0,300.0,200.0,200.0,200.0,200.0,200.0,100.0,200.0,200.0,200.0,100.0,200.0,40.297932,-73.99096999999999
167,Longport,500.0,300.0,400.0,500.0,400.0,400.0,300.0,400.0,500.0,400.0,500.0,400.0,300.0,500.0,39.314766,-74.52675
168,Madison,400.0,400.0,500.0,500.0,400.0,500.0,500.0,500.0,500.0,500.0,500.0,500.0,500.0,500.0,40.75875,-74.41609
169,Magnolia,200.0,200.0,100.0,0.0,100.0,100.0,200.0,200.0,100.0,200.0,300.0,300.0,200.0,300.0,39.85478,-75.03671
170,Manasquan,300.0,300.0,200.0,200.0,300.0,300.0,200.0,200.0,400.0,300.0,300.0,400.0,400.0,400.0,40.120261,-74.05765
171,Mantoloking,300.0,300.0,300.0,200.0,300.0,0.0,0.0,0.0,0.0,100.0,200.0,300.0,300.0,100.0,40.025258,-74.05579
172,Manville,300.0,400.0,400.0,400.0,400.0,300.0,400.0,400.0,300.0,300.0,300.0,300.0,300.0,300.0,40.538903000000005,-74.59222
173,Maplewood,100.0,200.0,300.0,300.0,300.0,200.0,300.0,300.0,300.0,300.0,400.0,400.0,300.0,400.0,40.728901,-74.26821
174,Margate City,400.0,400.0,400.0,400.0,300.0,400.0,300.0,300.0,300.0,200.0,200.0,200.0,300.0,300.0,39.329415999999995,-74.50661
175,Matawan,300.0,400.0,400.0,400.0,400.0,400.0,400.0,400.0,400.0,400.0,500.0,500.0,500.0,500.0,40.411102,-74.23767
176,Maywood,500.0,500.0,500.0,400.0,500.0,400.0,500.0,400.0,400.0,500.0,500.0,500.0,500.0,500.0,40.90503,-74.06279
178,Mendham,500.0,500.0,500.0,500.0,500.0,500.0,500.0,500.0,500.0,500.0,500.0,500.0,500.0,500.0,40.782767,-74.59529
179,Merchantville,300.0,300.0,300.0,400.0,400.0,400.0,300.0,300.0,200.0,300.0,200.0,400.0,300.0,400.0,39.949979,-75.05024
180,Metuchen,400.0,400.0,300.0,400.0,400.0,400.0,400.0,400.0,400.0,400.0,400.0,400.0,400.0,500.0,40.543354,-74.3587
181,Middlesex,500.0,400.0,400.0,400.0,400.0,400.0,500.0,500.0,500.0,400.0,400.0,500.0,500.0,500.0,40.574552000000004,-74.50187
182,Midland Park,500.0,500.0,500.0,400.0,500.0,400.0,500.0,500.0,500.0,500.0,400.0,500.0,500.0,500.0,40.993120000000005,-74.14286
183,Millburn,300.0,200.0,300.0,300.0,300.0,300.0,200.0,300.0,300.0,400.0,400.0,400.0,400.0,400.0,40.724168,-74.29913
184,Milltown,300.0,300.0,400.0,400.0,300.0,400.0,400.0,400.0,500.0,500.0,500.0,400.0,400.0,400.0,40.451105,-74.43938
185,Millville,0.0,0.0,0.0,0.0,0.0,0.0,0.0,0.0,0.0,0.0,0.0,0.0,0.0,0.0,39.379382,-75.03923
186,Monmouth Beach,500.0,500.0,400.0,400.0,400.0,400.0,400.0,400.0,400.0,400.0,400.0,300.0,400.0,500.0,40.332877,-73.97986
187,Montclair,200.0,200.0,200.0,300.0,300.0,300.0,300.0,300.0,300.0,400.0,400.0,400.0,300.0,400.0,40.81315,-74.21576
188,Montvale,500.0,500.0,500.0,500.0,500.0,500.0,500.0,500.0,500.0,500.0,500.0,500.0,500.0,500.0,41.048997,-74.04052
189,Moonachie,300.0,300.0,200.0,300.0,300.0,300.0,400.0,300.0,300.0,300.0,300.0,400.0,300.0,300.0,40.841668,-74.059
190,Morris Plains,400.0,400.0,400.0,400.0,400.0,400.0,400.0,500.0,500.0,500.0,400.0,400.0,400.0,400.0,40.842399,-74.48223
191,Morristown,0.0,0.0,100.0,100.0,200.0,200.0,100.0,200.0,200.0,300.0,300.0,300.0,300.0,400.0,40.79215,-74.48559
192,Mount Arlington,500.0,400.0,500.0,500.0,500.0,500.0,400.0,500.0,500.0,500.0,500.0,500.0,500.0,500.0,40.919498,-74.63559000000001
193,Mount Ephraim,200.0,0.0,100.0,200.0,200.0,100.0,100.0,200.0,200.0,200.0,300.0,200.0,200.0,200.0,39.884263,-75.0923
194,Mountain Lakes,400.0,400.0,400.0,400.0,400.0,400.0,300.0,500.0,500.0,500.0,500.0,500.0,400.0,500.0,40.892021,-74.44022
195,Mountainside,400.0,400.0,400.0,500.0,500.0,500.0,500.0,500.0,500.0,500.0,500.0,500.0,500.0,500.0,40.680301,-74.35601
196,National Park,300.0,200.0,300.0,100.0,200.0,300.0,200.0,100.0,300.0,400.0,300.0,400.0,400.0,500.0,39.867158,-75.1802
198,Netcong,300.0,200.0,300.0,0.0,300.0,400.0,400.0,300.0,300.0,400.0,400.0,400.0,300.0,400.0,40.897397999999995,-74.70300999999999
199,New Brunswick,0.0,0.0,0.0,0.0,0.0,0.0,0.0,0.0,0.0,0.0,0.0,0.0,0.0,100.0,40.488304,-74.44775
200,New Milford,400.0,500.0,500.0,500.0,500.0,500.0,500.0,500.0,500.0,500.0,500.0,500.0,500.0,500.0,40.936211,-74.0188
201,New Providence,400.0,500.0,500.0,500.0,500.0,500.0,500.0,500.0,500.0,500.0,500.0,500.0,500.0,500.0,40.698268,-74.40225
202,Newark,0.0,0.0,0.0,0.0,0.0,0.0,0.0,0.0,0.0,0.0,500.0,0.0,0.0,0.0,40.736101,-74.22509000000001
203,Newfield,400.0,300.0,400.0,400.0,400.0,400.0,400.0,400.0,400.0,400.0,500.0,400.0,500.0,500.0,39.562763000000004,-75.00955
204,Newton,300.0,400.0,400.0,400.0,300.0,400.0,400.0,300.0,400.0,400.0,300.0,400.0,400.0,400.0,41.0714,-74.80199
205,North Arlington,400.0,400.0,400.0,400.0,400.0,400.0,400.0,400.0,400.0,400.0,400.0,400.0,400.0,500.0,40.791895000000004,-74.13254
211,Northfield,300.0,400.0,400.0,400.0,300.0,400.0,500.0,500.0,500.0,500.0,400.0,500.0,500.0,400.0,39.370083,-74.55211
212,Northvale,500.0,500.0,500.0,500.0,500.0,500.0,500.0,500.0,500.0,500.0,500.0,500.0,500.0,500.0,41.009414,-73.94849
213,Norwood,500.0,500.0,500.0,500.0,500.0,500.0,500.0,500.0,500.0,500.0,500.0,500.0,500.0,500.0,40.994442,-73.95586
214,Nutley,400.0,400.0,400.0,400.0,400.0,400.0,400.0,400.0,400.0,500.0,400.0,400.0,500.0,500.0,40.8196,-74.15876999999999
215,Oakland,500.0,500.0,500.0,500.0,500.0,500.0,500.0,500.0,500.0,500.0,500.0,500.0,500.0,500.0,41.028884000000005,-74.23727
216,Oaklyn,200.0,300.0,200.0,100.0,300.0,200.0,300.0,200.0,200.0,300.0,200.0,200.0,300.0,200.0,39.908163,-75.08618
217,Ocean City,0.0,0.0,0.0,0.0,0.0,0.0,100.0,200.0,200.0,200.0,200.0,300.0,200.0,400.0,39.265371,-74.59380999999999
218,Ocean Gate,300.0,300.0,0.0,400.0,400.0,400.0,200.0,300.0,400.0,400.0,400.0,400.0,400.0,400.0,39.925301,-74.13488000000001
219,Oceanport,400.0,500.0,500.0,400.0,400.0,400.0,400.0,400.0,300.0,400.0,400.0,400.0,400.0,500.0,40.318115,-74.01239
220,Ogdensburg,500.0,500.0,500.0,400.0,500.0,400.0,500.0,500.0,400.0,500.0,500.0,500.0,500.0,500.0,41.080065999999995,-74.5972
221,Old Bridge,400.0,400.0,400.0,400.0,400.0,400.0,400.0,400.0,400.0,400.0,400.0,500.0,500.0,500.0,40.397507,-74.3298
223,Oradell,500.0,500.0,500.0,500.0,500.0,500.0,500.0,500.0,500.0,500.0,500.0,500.0,500.0,500.0,40.953126,-74.03379
224,Orange,0.0,0.0,0.0,0.0,0.0,0.0,0.0,0.0,0.0,0.0,0.0,0.0,0.0,0.0,40.7683,-74.23603
225,Oxford,500.0,500.0,500.0,400.0,500.0,500.0,500.0,500.0,500.0,500.0,500.0,500.0,500.0,500.0,40.815107,-74.96802
226,Palisades Park,400.0,400.0,400.0,400.0,400.0,400.0,400.0,500.0,500.0,500.0,500.0,500.0,500.0,500.0,40.845742,-73.99479000000001
227,Palmyra,300.0,300.0,200.0,100.0,200.0,300.0,200.0,200.0,200.0,300.0,300.0,300.0,300.0,300.0,40.00278,-75.02626
228,Paramus,0.0,0.0,0.0,0.0,0.0,0.0,0.0,100.0,100.0,200.0,200.0,200.0,200.0,200.0,40.947107,-74.07047
229,Park Ridge,500.0,500.0,500.0,500.0,500.0,500.0,500.0,500.0,500.0,500.0,500.0,500.0,500.0,500.0,41.034672,-74.04065
230,Passaic,0.0,0.0,0.0,0.0,0.0,0.0,0.0,0.0,100.0,100.0,200.0,200.0,200.0,200.0,40.857384,-74.12899
231,Paterson,0.0,0.0,0.0,0.0,0.0,0.0,0.0,0.0,0.0,0.0,0.0,0.0,0.0,0.0,40.912198,-74.16863000000001
232,Paulsboro,0.0,0.0,0.0,0.0,0.0,100.0,0.0,100.0,100.0,0.0,0.0,0.0,0.0,0.0,39.833156,-75.23773
234,Pemberton,200.0,100.0,200.0,300.0,400.0,200.0,0.0,100.0,200.0,400.0,300.0,100.0,100.0,200.0,39.961183,-74.66266
235,Pennington,500.0,400.0,500.0,500.0,500.0,500.0,500.0,500.0,500.0,500.0,500.0,500.0,500.0,500.0,40.32315,-74.78364
236,Penns Grove,0.0,0.0,0.0,0.0,0.0,0.0,0.0,0.0,200.0,0.0,100.0,0.0,0.0,0.0,39.712593,-75.46906
237,Pennsauken,0.0,0.0,0.0,0.0,100.0,0.0,100.0,100.0,100.0,200.0,200.0,200.0,200.0,200.0,39.966812,-75.05681
238,Pennsville,300.0,300.0,300.0,300.0,200.0,200.0,100.0,200.0,300.0,300.0,400.0,400.0,400.0,400.0,39.645377,-75.51923000000001
239,Perth Amboy,200.0,100.0,200.0,200.0,200.0,200.0,200.0,100.0,200.0,200.0,200.0,300.0,300.0,300.0,40.520105,-74.27708
240,Phillipsburg,300.0,200.0,300.0,300.0,100.0,200.0,200.0,200.0,200.0,200.0,300.0,300.0,200.0,200.0,40.689122999999995,-75.17243
241,Pine Beach,400.0,400.0,400.0,400.0,500.0,400.0,200.0,400.0,500.0,500.0,500.0,500.0,500.0,400.0,39.934318,-74.16773
243,Pitman,400.0,400.0,400.0,400.0,400.0,400.0,400.0,400.0,400.0,400.0,400.0,500.0,500.0,500.0,39.730964,-75.13009
244,Plainfield,0.0,0.0,0.0,0.0,0.0,0.0,0.0,0.0,0.0,0.0,0.0,0.0,100.0,200.0,40.620102,-74.42481
245,Pleasantville,0.0,0.0,0.0,0.0,0.0,0.0,0.0,0.0,100.0,0.0,0.0,100.0,100.0,100.0,39.394616,-74.52212
246,Point Pleasant Beach,200.0,100.0,100.0,100.0,100.0,200.0,100.0,100.0,200.0,300.0,200.0,300.0,400.0,400.0,40.081165000000006,-74.06003
248,Pompton Lakes,400.0,500.0,400.0,500.0,400.0,400.0,400.0,400.0,400.0,500.0,400.0,500.0,400.0,400.0,40.99948,-74.28806999999999
249,Princeton,200.0,300.0,300.0,300.0,300.0,300.0,300.0,500.0,400.0,500.0,500.0,500.0,500.0,500.0,40.357439,-74.64922
251,Rahway,200.0,200.0,200.0,200.0,200.0,300.0,200.0,300.0,300.0,400.0,300.0,400.0,400.0,400.0,40.607103,-74.28099
252,Ramsey,500.0,400.0,400.0,400.0,500.0,500.0,400.0,400.0,400.0,400.0,500.0,500.0,500.0,500.0,41.058819,-74.14238
253,Raritan,300.0,300.0,400.0,300.0,300.0,300.0,400.0,300.0,400.0,400.0,300.0,400.0,500.0,500.0,40.571302,-74.6374
254,Red Bank,300.0,100.0,200.0,100.0,300.0,100.0,200.0,200.0,300.0,300.0,300.0,300.0,300.0,400.0,40.352953,-74.07703000000001
255,Ridgefield,500.0,400.0,400.0,500.0,500.0,500.0,500.0,500.0,500.0,500.0,500.0,500.0,500.0,500.0,40.832421000000004,-74.00399
256,Ridgefield Park,400.0,400.0,400.0,400.0,400.0,400.0,400.0,400.0,500.0,400.0,400.0,400.0,400.0,500.0,40.856749,-74.02278000000001
257,Ridgewood,500.0,500.0,500.0,500.0,500.0,500.0,500.0,500.0,500.0,500.0,500.0,500.0,500.0,500.0,40.983996999999995,-74.11438000000001
258,Ringwood,500.0,500.0,500.0,500.0,500.0,500.0,500.0,500.0,500.0,500.0,500.0,500.0,500.0,500.0,41.096095,-74.26012
259,River Edge,400.0,400.0,500.0,400.0,500.0,500.0,500.0,400.0,500.0,500.0,500.0,500.0,500.0,500.0,40.927578999999994,-74.03739
261,Riverdale,300.0,300.0,200.0,200.0,300.0,300.0,100.0,300.0,200.0,300.0,300.0,300.0,400.0,400.0,40.990032,-74.31023
262,Riverton,300.0,500.0,400.0,300.0,200.0,300.0,300.0,400.0,200.0,500.0,400.0,400.0,400.0,400.0,39.862433,-74.72507900000001
264,Rochelle Park,400.0,400.0,400.0,400.0,500.0,400.0,400.0,400.0,500.0,400.0,400.0,400.0,400.0,400.0,40.906553,-74.07797
265,Rockaway,400.0,400.0,500.0,500.0,500.0,400.0,500.0,400.0,400.0,500.0,500.0,400.0,400.0,500.0,40.926798,-74.50624
267,Roseland,400.0,500.0,500.0,500.0,500.0,400.0,400.0,500.0,500.0,500.0,500.0,500.0,400.0,500.0,40.821799,-74.30476999999999
268,Roselle,200.0,200.0,200.0,100.0,200.0,200.0,200.0,200.0,200.0,300.0,300.0,300.0,300.0,400.0,40.653502,-74.26058
269,Roselle Park,300.0,400.0,300.0,300.0,400.0,400.0,400.0,400.0,500.0,400.0,400.0,400.0,500.0,500.0,40.665552000000005,-74.26768
270,Rumson,500.0,400.0,500.0,500.0,500.0,500.0,400.0,400.0,500.0,500.0,500.0,500.0,500.0,500.0,40.369145,-73.99576
271,Runnemede,200.0,100.0,100.0,100.0,200.0,100.0,100.0,200.0,300.0,100.0,200.0,100.0,300.0,300.0,39.850013,-75.0767
272,Rutherford,400.0,400.0,400.0,400.0,400.0,400.0,400.0,400.0,400.0,400.0,400.0,400.0,400.0,400.0,40.828922,-74.11064
273,Saddle Brook,300.0,300.0,300.0,300.0,300.0,300.0,300.0,400.0,400.0,300.0,400.0,400.0,400.0,500.0,40.904131,-74.09474
274,Saddle River,500.0,500.0,500.0,500.0,500.0,500.0,500.0,500.0,400.0,500.0,400.0,500.0,500.0,500.0,41.054567999999996,-74.09616
275,Salem,0.0,0.0,0.0,0.0,0.0,0.0,0.0,0.0,0.0,0.0,0.0,0.0,0.0,0.0,39.549912,-75.43943
276,Sayreville,300.0,300.0,300.0,300.0,400.0,400.0,400.0,400.0,400.0,400.0,400.0,400.0,500.0,500.0,40.430006,-74.417344
277,Scotch Plains,400.0,400.0,400.0,400.0,400.0,500.0,400.0,400.0,500.0,400.0,500.0,500.0,500.0,500.0,40.637152,-74.37493
279,Sea Girt,400.0,300.0,300.0,300.0,300.0,300.0,200.0,300.0,400.0,400.0,400.0,400.0,500.0,300.0,40.133753999999996,-74.04123
280,Sea Isle City,0.0,0.0,0.0,0.0,0.0,0.0,0.0,0.0,0.0,0.0,0.0,0.0,0.0,100.0,39.145755,-74.69865
281,Seaside Heights,0.0,0.0,0.0,0.0,0.0,0.0,0.0,0.0,0.0,0.0,0.0,0.0,0.0,0.0,39.948518,-74.0759
282,Seaside Park,200.0,200.0,300.0,200.0,300.0,200.0,0.0,0.0,300.0,200.0,300.0,400.0,200.0,400.0,39.920268,-74.07967
283,Secaucus,200.0,100.0,200.0,200.0,200.0,200.0,300.0,300.0,300.0,300.0,300.0,300.0,300.0,300.0,40.7885,-74.06
285,Shrewsbury,300.0,300.0,400.0,300.0,300.0,300.0,200.0,300.0,400.0,400.0,400.0,400.0,400.0,400.0,40.329128000000004,-74.06315
286,Somerdale,200.0,100.0,200.0,100.0,200.0,200.0,0.0,0.0,0.0,0.0,0.0,100.0,100.0,200.0,39.842613,-75.02496
287,Somers Point,200.0,200.0,200.0,100.0,200.0,100.0,100.0,200.0,200.0,200.0,300.0,200.0,300.0,300.0,39.319901,-74.5999
288,Somerville,300.0,300.0,300.0,300.0,400.0,400.0,300.0,300.0,400.0,300.0,400.0,300.0,400.0,400.0,40.545853,-74.63592
289,South Amboy,300.0,300.0,300.0,300.0,400.0,400.0,400.0,300.0,400.0,400.0,400.0,400.0,500.0,400.0,40.469606,-74.27669
290,South Bound Brook,500.0,500.0,500.0,500.0,500.0,500.0,400.0,500.0,500.0,500.0,500.0,400.0,500.0,400.0,40.553803,-74.52976
291,South Orange,0.0,200.0,200.0,200.0,200.0,200.0,200.0,200.0,300.0,400.0,300.0,300.0,300.0,400.0,40.74765,-74.25881
292,South Plainfield,300.0,300.0,300.0,300.0,400.0,300.0,400.0,400.0,400.0,400.0,400.0,400.0,400.0,400.0,40.580703,-74.41401
293,South River,400.0,400.0,400.0,300.0,300.0,400.0,400.0,400.0,400.0,400.0,400.0,500.0,400.0,400.0,40.445006,-74.38179000000001
295,Spotswood,400.0,400.0,400.0,400.0,400.0,400.0,400.0,400.0,500.0,500.0,500.0,500.0,500.0,500.0,40.39159,-74.39329000000001
296,Spring Lake,400.0,400.0,300.0,300.0,400.0,300.0,300.0,400.0,400.0,400.0,400.0,400.0,400.0,400.0,40.153024,-74.03372
298,Springfield,400.0,400.0,400.0,400.0,400.0,400.0,400.0,400.0,400.0,500.0,400.0,400.0,500.0,500.0,40.701801,-74.32216
299,Stanhope,400.0,300.0,400.0,300.0,400.0,400.0,500.0,400.0,500.0,400.0,400.0,300.0,400.0,500.0,40.917054,-74.71053
300,Stone Harbor,0.0,0.0,0.0,0.0,0.0,0.0,0.0,0.0,0.0,0.0,0.0,0.0,0.0,0.0,39.051289000000004,-74.76204
301,Stratford,300.0,200.0,200.0,200.0,300.0,300.0,200.0,300.0,400.0,300.0,400.0,300.0,400.0,400.0,39.829014,-75.01371
302,Summit,400.0,400.0,400.0,400.0,400.0,400.0,400.0,500.0,500.0,500.0,500.0,500.0,500.0,500.0,40.714501,-74.3633
304,Swedesboro,300.0,200.0,200.0,200.0,500.0,500.0,400.0,400.0,400.0,400.0,400.0,300.0,500.0,500.0,39.753088,-75.32687
305,Teaneck,300.0,400.0,400.0,300.0,400.0,300.0,400.0,400.0,400.0,400.0,400.0,400.0,400.0,400.0,40.890964000000004,-74.01115
306,Tenafly,500.0,500.0,500.0,400.0,500.0,500.0,500.0,500.0,500.0,500.0,500.0,500.0,500.0,500.0,40.921690000000005,-73.96481999999999
308,Toms River,500.0,300.0,300.0,300.0,300.0,300.0,200.0,300.0,300.0,300.0,300.0,400.0,400.0,400.0,39.974584,-74.15141
309,Totowa,300.0,300.0,300.0,200.0,300.0,300.0,200.0,200.0,200.0,300.0,300.0,300.0,300.0,300.0,41.011428,-74.304793
310,Trenton,0.0,0.0,0.0,0.0,0.0,0.0,0.0,0.0,0.0,0.0,0.0,0.0,0.0,0.0,40.280530999999996,-74.712018
311,Tuckerton,300.0,400.0,400.0,400.0,400.0,300.0,300.0,500.0,400.0,400.0,500.0,400.0,400.0,400.0,39.59899,-74.36573
313,Union City,100.0,100.0,100.0,100.0,200.0,200.0,200.0,200.0,300.0,300.0,300.0,300.0,300.0,300.0,40.767751000000004,-74.0302
314,Union,200.0,200.0,200.0,200.0,300.0,300.0,300.0,300.0,300.0,300.0,400.0,400.0,400.0,400.0,40.695401000000004,-74.26933000000001
316,Ventnor City,300.0,300.0,200.0,200.0,200.0,200.0,200.0,200.0,200.0,200.0,200.0,100.0,300.0,200.0,39.342299,-74.48192
317,Verona,400.0,400.0,400.0,400.0,400.0,500.0,400.0,400.0,500.0,500.0,500.0,500.0,500.0,500.0,40.832449,-74.24226999999999
318,Vineland,0.0,0.0,0.0,0.0,0.0,100.0,500.0,100.0,100.0,100.0,0.0,0.0,0.0,100.0,39.492265,-75.01886999999999
319,Voorhees,300.0,200.0,200.0,300.0,300.0,300.0,300.0,300.0,400.0,500.0,300.0,300.0,300.0,400.0,39.851969,-74.96128
320,Waldwick,500.0,500.0,500.0,400.0,500.0,500.0,500.0,500.0,500.0,500.0,500.0,500.0,500.0,500.0,41.013109,-74.12231
321,Wallington,400.0,400.0,400.0,400.0,400.0,400.0,400.0,400.0,400.0,400.0,400.0,400.0,400.0,500.0,40.852931,-74.10925
322,Wanaque,400.0,400.0,400.0,500.0,500.0,500.0,500.0,500.0,500.0,400.0,500.0,500.0,500.0,500.0,41.052958000000004,-74.28236
323,Washington,400.0,300.0,200.0,300.0,500.0,400.0,400.0,500.0,500.0,300.0,400.0,400.0,400.0,500.0,40.753753,-74.99616999999999
325,Watchung,0.0,100.0,200.0,200.0,200.0,200.0,0.0,100.0,100.0,100.0,100.0,100.0,100.0,100.0,40.641207,-74.44369499999999
326,Wayne,300.0,300.0,300.0,300.0,300.0,300.0,400.0,400.0,400.0,400.0,400.0,400.0,400.0,400.0,40.943608000000005,-74.25004
327,Wenonah,500.0,500.0,500.0,400.0,500.0,400.0,500.0,400.0,400.0,500.0,400.0,500.0,500.0,400.0,39.799347,-75.15202
330,West Long Branch,200.0,200.0,300.0,300.0,300.0,300.0,300.0,300.0,300.0,400.0,400.0,400.0,400.0,400.0,40.289984999999994,-74.01671
331,West Milford,400.0,400.0,400.0,400.0,400.0,400.0,400.0,400.0,400.0,400.0,400.0,400.0,400.0,500.0,41.102569,-74.37047
332,West New York,200.0,200.0,200.0,200.0,200.0,200.0,300.0,300.0,300.0,300.0,300.0,300.0,400.0,300.0,40.7895,-74.01223
333,West Orange,200.0,300.0,300.0,300.0,300.0,300.0,300.0,400.0,400.0,300.0,300.0,300.0,300.0,300.0,40.78865,-74.25541
336,Westfield,400.0,400.0,400.0,500.0,500.0,500.0,500.0,500.0,500.0,500.0,500.0,500.0,500.0,500.0,40.649202,-74.34567
337,Westville,200.0,200.0,100.0,0.0,100.0,0.0,0.0,0.0,100.0,100.0,300.0,300.0,100.0,300.0,39.861413,-75.13284
338,Westwood,400.0,400.0,400.0,500.0,500.0,500.0,500.0,500.0,500.0,500.0,500.0,500.0,500.0,500.0,40.99904,-74.03291
339,Wharton,400.0,400.0,400.0,300.0,400.0,300.0,300.0,400.0,400.0,400.0,400.0,400.0,500.0,500.0,40.913298,-74.58246
341,Wildwood,0.0,0.0,0.0,0.0,0.0,0.0,0.0,0.0,0.0,0.0,0.0,0.0,0.0,0.0,38.987556,-74.822
342,Wood Ridge,500.0,500.0,400.0,500.0,500.0,400.0,400.0,500.0,500.0,500.0,500.0,500.0,500.0,500.0,40.847638,-74.08754
343,Woodbine,500.0,500.0,500.0,500.0,500.0,500.0,500.0,500.0,500.0,500.0,500.0,500.0,500.0,500.0,39.275059000000006,-74.80041
344,Woodbridge,200.0,200.0,200.0,200.0,300.0,300.0,300.0,300.0,300.0,400.0,400.0,400.0,400.0,400.0,40.557103999999995,-74.28316
345,Woodbury,0.0,0.0,0.0,0.0,0.0,0.0,100.0,0.0,0.0,0.0,0.0,100.0,0.0,0.0,39.830313000000004,-75.13221
346,Woodbury Heights,200.0,200.0,300.0,100.0,200.0,200.0,200.0,200.0,300.0,300.0,300.0,300.0,300.0,400.0,39.816063,-75.15321
347,Woodcliff Lake,500.0,500.0,500.0,500.0,500.0,500.0,500.0,500.0,400.0,500.0,500.0,500.0,500.0,500.0,41.025101,-74.059762
350,Woodstown,400.0,400.0,200.0,300.0,400.0,400.0,300.0,400.0,300.0,300.0,300.0,400.0,400.0,400.0,39.637838,-75.32396
351,Wyckoff,500.0,500.0,500.0,500.0,500.0,500.0,500.0,500.0,500.0,500.0,500.0,500.0,500.0,500.0,40.998583,-74.1671
