,City,2005,2006,2007,2008,2009,2010,2011,2012,2013,2014,2015,2016,2017,2018
0,Absecon,0.0,0.0,100.0,0.0,200.0,200.0,200.0,200.0,200.0,100.0,200.0,300.0,200.0,300.0
1,Allendale,500.0,400.0,500.0,400.0,400.0,500.0,500.0,500.0,500.0,500.0,500.0,500.0,500.0,500.0
2,Allenhurst,100.0,300.0,200.0,100.0,200.0,200.0,300.0,300.0,0.0,400.0,400.0,300.0,200.0,400.0
3,Allentown,500.0,400.0,400.0,400.0,400.0,500.0,400.0,500.0,400.0,500.0,500.0,500.0,500.0,500.0
5,Alpine,500.0,500.0,500.0,500.0,500.0,500.0,500.0,500.0,500.0,500.0,500.0,500.0,500.0,400.0
6,Andover,500.0,500.0,400.0,500.0,500.0,500.0,500.0,500.0,500.0,500.0,500.0,500.0,500.0,500.0
7,Asbury Park,0.0,0.0,0.0,0.0,0.0,0.0,0.0,0.0,0.0,0.0,0.0,0.0,0.0,0.0
8,Atlantic City,0.0,0.0,0.0,0.0,0.0,0.0,0.0,0.0,0.0,0.0,0.0,500.0,0.0,0.0
9,Atlantic Highlands,400.0,400.0,400.0,400.0,300.0,400.0,400.0,400.0,400.0,400.0,400.0,500.0,500.0,500.0
10,Audubon,300.0,300.0,300.0,300.0,200.0,300.0,200.0,200.0,200.0,200.0,200.0,200.0,300.0,300.0
12,Avalon,0.0,0.0,0.0,0.0,0.0,0.0,0.0,0.0,0.0,0.0,0.0,0.0,0.0,0.0
14,Barnegat Light,200.0,300.0,400.0,400.0,400.0,400.0,400.0,400.0,200.0,500.0,0.0,500.0,500.0,400.0
15,Barrington,400.0,400.0,400.0,400.0,400.0,400.0,400.0,400.0,400.0,400.0,400.0,400.0,400.0,400.0
17,Bayonne,300.0,300.0,300.0,200.0,300.0,300.0,300.0,400.0,400.0,400.0,300.0,400.0,400.0,400.0
18,Beach Haven,0.0,0.0,0.0,0.0,0.0,0.0,0.0,0.0,0.0,0.0,0.0,0.0,0.0,0.0
19,Beachwood,400.0,300.0,300.0,300.0,300.0,300.0,400.0,400.0,400.0,400.0,400.0,400.0,400.0,400.0
20,Belleville,100.0,200.0,200.0,200.0,200.0,300.0,100.0,200.0,200.0,200.0,200.0,300.0,300.0,300.0
21,Bellmawr,300.0,300.0,200.0,200.0,300.0,300.0,200.0,300.0,300.0,400.0,300.0,300.0,300.0,400.0
22,Belmar,0.0,0.0,0.0,0.0,0.0,0.0,0.0,100.0,100.0,200.0,100.0,200.0,300.0,300.0
23,Belvidere,500.0,500.0,500.0,500.0,500.0,500.0,400.0,400.0,400.0,500.0,500.0,200.0,300.0,400.0
24,Bergenfield,500.0,400.0,400.0,400.0,500.0,500.0,500.0,500.0,500.0,500.0,500.0,500.0,500.0,500.0
25,Berkeley Heights,500.0,500.0,500.0,500.0,500.0,500.0,500.0,500.0,500.0,500.0,500.0,500.0,500.0,500.0
26,Berlin,300.0,300.0,300.0,300.0,300.0,300.0,300.0,300.0,300.0,400.0,400.0,300.0,400.0,300.0
27,Bernardsville,500.0,500.0,500.0,500.0,500.0,500.0,500.0,500.0,500.0,500.0,500.0,500.0,500.0,500.0
28,Beverly,100.0,0.0,100.0,0.0,100.0,200.0,200.0,200.0,100.0,0.0,100.0,0.0,100.0,300.0
29,Blairstown,500.0,400.0,500.0,400.0,400.0,500.0,500.0,500.0,500.0,500.0,500.0,500.0,500.0,500.0
30,Bloomfield,100.0,200.0,200.0,200.0,200.0,200.0,200.0,200.0,200.0,300.0,300.0,400.0,400.0,400.0
31,Bloomingdale,500.0,500.0,500.0,400.0,400.0,500.0,400.0,500.0,500.0,500.0,400.0,500.0,500.0,500.0
32,Bogota,400.0,400.0,400.0,400.0,400.0,400.0,400.0,500.0,500.0,500.0,400.0,500.0,500.0,500.0
33,Boonton,400.0,500.0,500.0,400.0,300.0,400.0,400.0,400.0,400.0,500.0,400.0,400.0,500.0,400.0
34,Bordentown,300.0,400.0,400.0,400.0,400.0,400.0,500.0,400.0,500.0,500.0,500.0,500.0,400.0,500.0
35,Bound Brook,200.0,200.0,300.0,300.0,300.0,300.0,200.0,300.0,300.0,300.0,400.0,400.0,300.0,400.0
36,Bradley Beach,100.0,200.0,200.0,200.0,200.0,200.0,200.0,200.0,300.0,200.0,300.0,400.0,400.0,400.0
37,Bridgeton,0.0,0.0,0.0,0.0,0.0,0.0,0.0,0.0,0.0,0.0,0.0,0.0,0.0,0.0
38,Brielle,400.0,400.0,400.0,400.0,400.0,500.0,500.0,400.0,500.0,500.0,500.0,500.0,500.0,500.0
39,Brigantine,400.0,400.0,400.0,400.0,400.0,400.0,300.0,500.0,400.0,300.0,400.0,400.0,400.0,400.0
41,Buena,0.0,100.0,0.0,100.0,200.0,200.0,200.0,200.0,300.0,300.0,200.0,200.0,100.0,400.0
42,Burlington,200.0,100.0,100.0,100.0,200.0,100.0,100.0,200.0,0.0,200.0,200.0,100.0,100.0,200.0
43,Butler,400.0,300.0,300.0,400.0,400.0,300.0,400.0,400.0,400.0,400.0,400.0,400.0,500.0,500.0
44,Caldwell,500.0,500.0,500.0,500.0,400.0,500.0,400.0,400.0,400.0,400.0,500.0,500.0,400.0,500.0
46,Camden,0.0,0.0,0.0,0.0,0.0,0.0,0.0,0.0,500.0,500.0,500.0,500.0,500.0,500.0
47,Cape May,100.0,0.0,100.0,100.0,100.0,200.0,100.0,100.0,200.0,200.0,200.0,100.0,400.0,300.0
48,Cape May Point,0.0,0.0,200.0,0.0,0.0,0.0,200.0,400.0,200.0,400.0,400.0,500.0,300.0,500.0
49,Carlstadt,200.0,300.0,200.0,200.0,300.0,200.0,300.0,300.0,300.0,400.0,400.0,300.0,300.0,400.0
50,Carteret,300.0,200.0,300.0,300.0,400.0,300.0,300.0,300.0,300.0,300.0,400.0,400.0,400.0,400.0
51,Cedar Grove,400.0,400.0,400.0,400.0,400.0,400.0,400.0,500.0,500.0,500.0,500.0,500.0,500.0,500.0
52,Chatham,500.0,400.0,500.0,500.0,400.0,500.0,500.0,500.0,500.0,500.0,500.0,500.0,500.0,500.0
54,Chester,500.0,400.0,400.0,400.0,300.0,400.0,400.0,400.0,300.0,500.0,500.0,500.0,400.0,500.0
55,Clark,400.0,400.0,400.0,500.0,500.0,400.0,400.0,400.0,400.0,500.0,500.0,500.0,400.0,400.0
56,Clayton,100.0,300.0,200.0,300.0,300.0,300.0,400.0,300.0,300.0,400.0,400.0,400.0,300.0,400.0
57,Clementon,0.0,0.0,100.0,0.0,0.0,0.0,0.0,0.0,0.0,200.0,100.0,100.0,100.0,200.0
58,Cliffside Park,400.0,400.0,400.0,400.0,400.0,400.0,400.0,400.0,400.0,400.0,400.0,500.0,500.0,500.0
59,Clifton,200.0,200.0,200.0,200.0,300.0,500.0,300.0,300.0,300.0,300.0,300.0,300.0,300.0,400.0
60,Clinton,400.0,500.0,500.0,400.0,500.0,400.0,300.0,400.0,300.0,300.0,500.0,400.0,500.0,500.0
61,Closter,500.0,500.0,500.0,500.0,500.0,500.0,500.0,500.0,500.0,500.0,500.0,500.0,500.0,500.0
62,Collingswood,200.0,300.0,200.0,100.0,100.0,100.0,100.0,100.0,200.0,300.0,300.0,200.0,200.0,300.0
63,Cranbury,400.0,300.0,400.0,400.0,500.0,500.0,500.0,400.0,400.0,500.0,400.0,500.0,500.0,500.0
64,Cranford,400.0,400.0,500.0,400.0,400.0,400.0,400.0,400.0,500.0,500.0,500.0,500.0,500.0,500.0
65,Cresskill,500.0,500.0,500.0,500.0,500.0,500.0,500.0,500.0,500.0,500.0,500.0,500.0,500.0,500.0
66,Deal,200.0,200.0,0.0,100.0,100.0,0.0,0.0,0.0,0.0,0.0,100.0,200.0,200.0,200.0
67,Demarest,500.0,500.0,500.0,500.0,500.0,500.0,500.0,500.0,500.0,500.0,500.0,500.0,500.0,500.0
68,Dover,200.0,200.0,200.0,300.0,300.0,300.0,200.0,300.0,400.0,300.0,400.0,400.0,400.0,400.0
69,Dumont,500.0,400.0,400.0,400.0,500.0,500.0,500.0,400.0,500.0,500.0,500.0,500.0,500.0,500.0
70,Dunellen,300.0,400.0,300.0,300.0,300.0,200.0,300.0,200.0,400.0,200.0,400.0,500.0,300.0,400.0
71,East Brunswick,400.0,400.0,400.0,400.0,300.0,400.0,400.0,400.0,400.0,400.0,400.0,400.0,400.0,400.0
73,East Orange,0.0,0.0,0.0,0.0,0.0,0.0,0.0,100.0,100.0,100.0,100.0,100.0,0.0,200.0
74,East Rutherford,200.0,200.0,300.0,300.0,400.0,300.0,300.0,300.0,400.0,500.0,500.0,400.0,400.0,400.0
75,Eatontown,200.0,100.0,200.0,100.0,100.0,100.0,100.0,100.0,200.0,200.0,100.0,200.0,200.0,200.0
76,Edgewater,400.0,300.0,400.0,400.0,300.0,300.0,400.0,400.0,400.0,400.0,300.0,400.0,400.0,400.0
77,Edison,300.0,200.0,300.0,300.0,300.0,300.0,300.0,400.0,400.0,400.0,400.0,400.0,400.0,400.0
78,Egg Harbor City,200.0,300.0,100.0,0.0,200.0,0.0,100.0,0.0,100.0,100.0,200.0,200.0,100.0,200.0
79,Elizabeth,0.0,0.0,0.0,0.0,0.0,0.0,0.0,0.0,0.0,0.0,0.0,0.0,0.0,0.0
80,Elmer,500.0,400.0,400.0,400.0,400.0,500.0,500.0,500.0,500.0,500.0,400.0,500.0,500.0,500.0
81,Elmwood Park,300.0,300.0,300.0,300.0,300.0,300.0,300.0,400.0,400.0,400.0,300.0,300.0,400.0,400.0
82,Emerson,500.0,500.0,500.0,500.0,500.0,500.0,500.0,500.0,500.0,500.0,500.0,500.0,500.0,500.0
83,Englewood Cliffs,400.0,400.0,400.0,400.0,400.0,500.0,400.0,400.0,400.0,500.0,500.0,500.0,500.0,400.0
84,Englewood,200.0,200.0,300.0,300.0,300.0,300.0,300.0,300.0,200.0,300.0,300.0,400.0,300.0,300.0
85,Englishtown,500.0,500.0,400.0,500.0,500.0,300.0,400.0,500.0,400.0,300.0,300.0,400.0,200.0,300.0
86,Essex Fells,500.0,500.0,500.0,500.0,500.0,400.0,500.0,500.0,300.0,500.0,500.0,500.0,500.0,500.0
88,Fair Haven,500.0,500.0,500.0,500.0,500.0,500.0,500.0,500.0,500.0,500.0,500.0,500.0,500.0,500.0
89,Fair Lawn,400.0,400.0,400.0,400.0,400.0,400.0,400.0,400.0,500.0,400.0,400.0,400.0,400.0,400.0
90,Fairfield,200.0,500.0,500.0,500.0,500.0,500.0,500.0,500.0,500.0,500.0,300.0,400.0,300.0,300.0
91,Fairview,200.0,200.0,200.0,200.0,300.0,300.0,300.0,400.0,400.0,300.0,400.0,400.0,400.0,400.0
92,Fanwood,400.0,500.0,400.0,400.0,400.0,500.0,400.0,500.0,400.0,500.0,500.0,500.0,500.0,500.0
93,Far Hills,500.0,400.0,400.0,500.0,500.0,500.0,400.0,500.0,500.0,500.0,200.0,500.0,500.0,400.0
95,Flemington,300.0,300.0,100.0,0.0,200.0,400.0,300.0,400.0,400.0,400.0,400.0,400.0,400.0,400.0
96,Florence,400.0,400.0,400.0,300.0,400.0,400.0,400.0,400.0,400.0,500.0,500.0,400.0,400.0,400.0
97,Florham Park,500.0,500.0,400.0,500.0,500.0,500.0,500.0,500.0,500.0,500.0,500.0,400.0,400.0,500.0
98,Fort Lee,400.0,500.0,500.0,500.0,500.0,400.0,500.0,400.0,500.0,500.0,500.0,400.0,500.0,500.0
99,Franklin,400.0,400.0,400.0,300.0,400.0,300.0,300.0,300.0,400.0,300.0,400.0,400.0,500.0,300.0
100,Franklin Lakes,500.0,500.0,500.0,500.0,500.0,500.0,500.0,500.0,500.0,500.0,500.0,500.0,500.0,500.0
101,Freehold,200.0,200.0,100.0,0.0,200.0,100.0,300.0,200.0,200.0,300.0,300.0,400.0,400.0,400.0
102,Frenchtown,200.0,400.0,400.0,400.0,400.0,400.0,400.0,400.0,400.0,500.0,500.0,500.0,500.0,500.0
103,Garfield,300.0,300.0,300.0,400.0,300.0,300.0,300.0,300.0,300.0,300.0,300.0,300.0,300.0,300.0
104,Garwood,400.0,400.0,400.0,500.0,500.0,400.0,400.0,400.0,400.0,400.0,400.0,400.0,500.0,500.0
105,Gibbsboro,300.0,300.0,400.0,400.0,200.0,300.0,300.0,200.0,300.0,500.0,400.0,400.0,400.0,400.0
106,Glassboro,0.0,0.0,0.0,200.0,200.0,300.0,300.0,200.0,300.0,300.0,300.0,300.0,300.0,300.0
107,Glen Ridge,100.0,300.0,300.0,300.0,300.0,300.0,300.0,300.0,300.0,400.0,300.0,400.0,300.0,400.0
108,Glen Rock,500.0,500.0,500.0,500.0,500.0,500.0,500.0,500.0,500.0,500.0,500.0,500.0,500.0,500.0
109,Gloucester City,200.0,200.0,100.0,200.0,200.0,200.0,100.0,200.0,200.0,500.0,300.0,300.0,300.0,200.0
110,Greenwich,500.0,500.0,500.0,500.0,500.0,500.0,500.0,500.0,500.0,500.0,300.0,400.0,400.0,400.0
112,Hackensack,200.0,200.0,200.0,200.0,200.0,300.0,300.0,300.0,300.0,400.0,300.0,300.0,300.0,300.0
113,Hackettstown,400.0,300.0,400.0,300.0,400.0,400.0,400.0,500.0,400.0,400.0,400.0,400.0,500.0,500.0
114,Haddon Heights,400.0,400.0,400.0,400.0,400.0,400.0,300.0,300.0,400.0,400.0,400.0,400.0,500.0,500.0
115,Haddonfield,400.0,300.0,400.0,400.0,400.0,300.0,400.0,400.0,400.0,400.0,400.0,400.0,400.0,500.0
116,Haledon,400.0,400.0,300.0,300.0,300.0,200.0,200.0,300.0,300.0,300.0,300.0,200.0,300.0,400.0
117,Hamburg,500.0,400.0,400.0,400.0,400.0,400.0,400.0,400.0,500.0,500.0,500.0,500.0,500.0,500.0
118,Hammonton,300.0,300.0,400.0,400.0,400.0,300.0,400.0,400.0,400.0,400.0,400.0,400.0,400.0,400.0
119,Harrington Park,500.0,500.0,500.0,500.0,500.0,500.0,500.0,500.0,500.0,500.0,500.0,500.0,500.0,500.0
120,Harrison,100.0,100.0,200.0,200.0,300.0,300.0,100.0,100.0,200.0,300.0,300.0,300.0,200.0,200.0
122,Hasbrouck Heights,400.0,400.0,500.0,500.0,500.0,500.0,500.0,500.0,500.0,400.0,500.0,500.0,500.0,500.0
123,Haworth,500.0,500.0,500.0,500.0,500.0,500.0,500.0,500.0,500.0,500.0,500.0,500.0,500.0,500.0
124,Hawthorne,400.0,400.0,400.0,400.0,400.0,400.0,400.0,400.0,400.0,500.0,500.0,400.0,500.0,500.0
125,Helmetta,500.0,500.0,500.0,500.0,500.0,500.0,400.0,400.0,300.0,400.0,500.0,500.0,500.0,500.0
127,High Bridge,400.0,400.0,400.0,400.0,400.0,200.0,400.0,500.0,500.0,500.0,500.0,500.0,500.0,500.0
128,Highland Park,400.0,400.0,400.0,400.0,400.0,400.0,400.0,400.0,400.0,400.0,500.0,500.0,400.0,400.0
129,Highlands,300.0,400.0,400.0,400.0,400.0,300.0,300.0,300.0,400.0,400.0,400.0,500.0,500.0,500.0
130,Hightstown,300.0,200.0,300.0,300.0,400.0,400.0,300.0,500.0,200.0,400.0,400.0,400.0,400.0,500.0
131,Hillsdale,500.0,500.0,500.0,500.0,500.0,500.0,500.0,500.0,500.0,500.0,500.0,500.0,500.0,500.0
132,Hillside,0.0,0.0,0.0,0.0,0.0,0.0,100.0,100.0,100.0,100.0,200.0,200.0,200.0,300.0
133,Ho Ho Kus,500.0,500.0,500.0,500.0,500.0,500.0,500.0,500.0,500.0,400.0,500.0,500.0,500.0,500.0
134,Hoboken,100.0,200.0,200.0,200.0,200.0,200.0,200.0,300.0,300.0,300.0,300.0,300.0,300.0,300.0
135,Hopatcong,500.0,500.0,500.0,500.0,500.0,500.0,500.0,500.0,400.0,500.0,500.0,500.0,500.0,500.0
136,Hopewell,400.0,500.0,400.0,500.0,500.0,500.0,400.0,400.0,400.0,400.0,500.0,500.0,500.0,500.0
138,Irvington,0.0,0.0,0.0,0.0,0.0,0.0,0.0,0.0,0.0,0.0,0.0,0.0,0.0,0.0
139,Island Heights,500.0,500.0,500.0,400.0,400.0,500.0,500.0,500.0,500.0,500.0,400.0,500.0,500.0,400.0
141,Jersey City,0.0,0.0,0.0,0.0,0.0,0.0,0.0,0.0,100.0,200.0,100.0,200.0,100.0,200.0
142,Keansburg,200.0,100.0,200.0,200.0,200.0,200.0,100.0,100.0,300.0,300.0,300.0,300.0,200.0,300.0
143,Kearny,200.0,200.0,200.0,200.0,200.0,200.0,200.0,300.0,300.0,300.0,300.0,300.0,400.0,400.0
144,Kenilworth,400.0,400.0,400.0,300.0,300.0,400.0,300.0,300.0,300.0,300.0,400.0,400.0,300.0,400.0
145,Keyport,300.0,300.0,300.0,400.0,500.0,400.0,200.0,200.0,300.0,300.0,300.0,300.0,300.0,300.0
148,Lakehurst,200.0,300.0,300.0,100.0,300.0,400.0,400.0,400.0,400.0,500.0,500.0,400.0,500.0,300.0
149,Lakewood,200.0,200.0,200.0,200.0,300.0,300.0,400.0,400.0,400.0,400.0,400.0,400.0,400.0,400.0
150,Lambertville,300.0,300.0,300.0,300.0,400.0,400.0,400.0,400.0,400.0,400.0,400.0,300.0,400.0,400.0
152,Lavallette,500.0,500.0,300.0,300.0,200.0,300.0,200.0,200.0,400.0,400.0,400.0,400.0,400.0,500.0
153,Lawnside,0.0,100.0,0.0,0.0,0.0,0.0,0.0,500.0,500.0,100.0,100.0,0.0,100.0,100.0
154,Lebanon,400.0,500.0,500.0,400.0,500.0,500.0,500.0,500.0,500.0,500.0,500.0,500.0,500.0,500.0
155,Leonia,400.0,500.0,400.0,500.0,400.0,500.0,400.0,400.0,500.0,500.0,500.0,500.0,500.0,500.0
156,Lincoln Park,400.0,500.0,400.0,500.0,500.0,500.0,500.0,400.0,400.0,500.0,500.0,500.0,500.0,500.0
157,Linden,100.0,100.0,100.0,100.0,200.0,100.0,100.0,200.0,200.0,200.0,200.0,200.0,200.0,200.0
159,Linwood,400.0,400.0,400.0,400.0,300.0,400.0,400.0,400.0,500.0,500.0,500.0,500.0,400.0,400.0
160,Little Falls,200.0,100.0,200.0,200.0,400.0,400.0,400.0,400.0,400.0,400.0,400.0,400.0,400.0,400.0
161,Little Ferry,400.0,400.0,400.0,400.0,400.0,400.0,400.0,400.0,400.0,500.0,400.0,500.0,400.0,500.0
162,Little Silver,400.0,500.0,400.0,400.0,400.0,400.0,500.0,400.0,400.0,500.0,500.0,500.0,500.0,500.0
163,Livingston,400.0,400.0,400.0,400.0,400.0,400.0,400.0,400.0,400.0,400.0,500.0,400.0,500.0,400.0
165,Lodi,300.0,400.0,400.0,400.0,400.0,400.0,400.0,300.0,400.0,300.0,400.0,400.0,300.0,400.0
166,Long Branch,200.0,100.0,300.0,200.0,200.0,200.0,200.0,200.0,100.0,200.0,200.0,200.0,100.0,200.0
167,Longport,500.0,300.0,400.0,500.0,400.0,400.0,300.0,400.0,500.0,400.0,500.0,400.0,300.0,500.0
168,Madison,400.0,400.0,500.0,500.0,400.0,500.0,500.0,500.0,500.0,500.0,500.0,500.0,500.0,500.0
169,Magnolia,200.0,200.0,100.0,0.0,100.0,100.0,200.0,200.0,100.0,200.0,300.0,300.0,200.0,300.0
170,Manasquan,300.0,300.0,200.0,200.0,300.0,300.0,200.0,200.0,400.0,300.0,300.0,400.0,400.0,400.0
171,Mantoloking,300.0,300.0,300.0,200.0,300.0,0.0,0.0,0.0,0.0,100.0,200.0,300.0,300.0,100.0
172,Manville,300.0,400.0,400.0,400.0,400.0,300.0,400.0,400.0,300.0,300.0,300.0,300.0,300.0,300.0
173,Maplewood,100.0,200.0,300.0,300.0,300.0,200.0,300.0,300.0,300.0,300.0,400.0,400.0,300.0,400.0
174,Margate City,400.0,400.0,400.0,400.0,300.0,400.0,300.0,300.0,300.0,200.0,200.0,200.0,300.0,300.0
175,Matawan,300.0,400.0,400.0,400.0,400.0,400.0,400.0,400.0,400.0,400.0,500.0,500.0,500.0,500.0
176,Maywood,500.0,500.0,500.0,400.0,500.0,400.0,500.0,400.0,400.0,500.0,500.0,500.0,500.0,500.0
178,Mendham,500.0,500.0,500.0,500.0,500.0,500.0,500.0,500.0,500.0,500.0,500.0,500.0,500.0,500.0
179,Merchantville,300.0,300.0,300.0,400.0,400.0,400.0,300.0,300.0,200.0,300.0,200.0,400.0,300.0,400.0
180,Metuchen,400.0,400.0,300.0,400.0,400.0,400.0,400.0,400.0,400.0,400.0,400.0,400.0,400.0,500.0
181,Middlesex,500.0,400.0,400.0,400.0,400.0,400.0,500.0,500.0,500.0,400.0,400.0,500.0,500.0,500.0
182,Midland Park,500.0,500.0,500.0,400.0,500.0,400.0,500.0,500.0,500.0,500.0,400.0,500.0,500.0,500.0
183,Millburn,300.0,200.0,300.0,300.0,300.0,300.0,200.0,300.0,300.0,400.0,400.0,400.0,400.0,400.0
184,Milltown,300.0,300.0,400.0,400.0,300.0,400.0,400.0,400.0,500.0,500.0,500.0,400.0,400.0,400.0
185,Millville,0.0,0.0,0.0,0.0,0.0,0.0,0.0,0.0,0.0,0.0,0.0,0.0,0.0,0.0
186,Monmouth Beach,500.0,500.0,400.0,400.0,400.0,400.0,400.0,400.0,400.0,400.0,400.0,300.0,400.0,500.0
187,Montclair,200.0,200.0,200.0,300.0,300.0,300.0,300.0,300.0,300.0,400.0,400.0,400.0,300.0,400.0
188,Montvale,500.0,500.0,500.0,500.0,500.0,500.0,500.0,500.0,500.0,500.0,500.0,500.0,500.0,500.0
189,Moonachie,300.0,300.0,200.0,300.0,300.0,300.0,400.0,300.0,300.0,300.0,300.0,400.0,300.0,300.0
190,Morris Plains,400.0,400.0,400.0,400.0,400.0,400.0,400.0,500.0,500.0,500.0,400.0,400.0,400.0,400.0
191,Morristown,0.0,0.0,100.0,100.0,200.0,200.0,100.0,200.0,200.0,300.0,300.0,300.0,300.0,400.0
192,Mount Arlington,500.0,400.0,500.0,500.0,500.0,500.0,400.0,500.0,500.0,500.0,500.0,500.0,500.0,500.0
193,Mount Ephraim,200.0,0.0,100.0,200.0,200.0,100.0,100.0,200.0,200.0,200.0,300.0,200.0,200.0,200.0
194,Mountain Lakes,400.0,400.0,400.0,400.0,400.0,400.0,300.0,500.0,500.0,500.0,500.0,500.0,400.0,500.0
195,Mountainside,400.0,400.0,400.0,500.0,500.0,500.0,500.0,500.0,500.0,500.0,500.0,500.0,500.0,500.0
196,National Park,300.0,200.0,300.0,100.0,200.0,300.0,200.0,100.0,300.0,400.0,300.0,400.0,400.0,500.0
198,Netcong,300.0,200.0,300.0,0.0,300.0,400.0,400.0,300.0,300.0,400.0,400.0,400.0,300.0,400.0
199,New Brunswick,0.0,0.0,0.0,0.0,0.0,0.0,0.0,0.0,0.0,0.0,0.0,0.0,0.0,100.0
200,New Milford,400.0,500.0,500.0,500.0,500.0,500.0,500.0,500.0,500.0,500.0,500.0,500.0,500.0,500.0
201,New Providence,400.0,500.0,500.0,500.0,500.0,500.0,500.0,500.0,500.0,500.0,500.0,500.0,500.0,500.0
202,Newark,0.0,0.0,0.0,0.0,0.0,0.0,0.0,0.0,0.0,0.0,500.0,0.0,0.0,0.0
203,Newfield,400.0,300.0,400.0,400.0,400.0,400.0,400.0,400.0,400.0,400.0,500.0,400.0,500.0,500.0
204,Newton,300.0,400.0,400.0,400.0,300.0,400.0,400.0,300.0,400.0,400.0,300.0,400.0,400.0,400.0
205,North Arlington,400.0,400.0,400.0,400.0,400.0,400.0,400.0,400.0,400.0,400.0,400.0,400.0,400.0,500.0
211,Northfield,300.0,400.0,400.0,400.0,300.0,400.0,500.0,500.0,500.0,500.0,400.0,500.0,500.0,400.0
212,Northvale,500.0,500.0,500.0,500.0,500.0,500.0,500.0,500.0,500.0,500.0,500.0,500.0,500.0,500.0
213,Norwood,500.0,500.0,500.0,500.0,500.0,500.0,500.0,500.0,500.0,500.0,500.0,500.0,500.0,500.0
214,Nutley,400.0,400.0,400.0,400.0,400.0,400.0,400.0,400.0,400.0,500.0,400.0,400.0,500.0,500.0
215,Oakland,500.0,500.0,500.0,500.0,500.0,500.0,500.0,500.0,500.0,500.0,500.0,500.0,500.0,500.0
216,Oaklyn,200.0,300.0,200.0,100.0,300.0,200.0,300.0,200.0,200.0,300.0,200.0,200.0,300.0,200.0
217,Ocean City,0.0,0.0,0.0,0.0,0.0,0.0,100.0,200.0,200.0,200.0,200.0,300.0,200.0,400.0
218,Ocean Gate,300.0,300.0,0.0,400.0,400.0,400.0,200.0,300.0,400.0,400.0,400.0,400.0,400.0,400.0
219,Oceanport,400.0,500.0,500.0,400.0,400.0,400.0,400.0,400.0,300.0,400.0,400.0,400.0,400.0,500.0
220,Ogdensburg,500.0,500.0,500.0,400.0,500.0,400.0,500.0,500.0,400.0,500.0,500.0,500.0,500.0,500.0
221,Old Bridge,400.0,400.0,400.0,400.0,400.0,400.0,400.0,400.0,400.0,400.0,400.0,500.0,500.0,500.0
223,Oradell,500.0,500.0,500.0,500.0,500.0,500.0,500.0,500.0,500.0,500.0,500.0,500.0,500.0,500.0
224,Orange,0.0,0.0,0.0,0.0,0.0,0.0,0.0,0.0,0.0,0.0,0.0,0.0,0.0,0.0
225,Oxford,500.0,500.0,500.0,400.0,500.0,500.0,500.0,500.0,500.0,500.0,500.0,500.0,500.0,500.0
226,Palisades Park,400.0,400.0,400.0,400.0,400.0,400.0,400.0,500.0,500.0,500.0,500.0,500.0,500.0,500.0
227,Palmyra,300.0,300.0,200.0,100.0,200.0,300.0,200.0,200.0,200.0,300.0,300.0,300.0,300.0,300.0
228,Paramus,0.0,0.0,0.0,0.0,0.0,0.0,0.0,100.0,100.0,200.0,200.0,200.0,200.0,200.0
229,Park Ridge,500.0,500.0,500.0,500.0,500.0,500.0,500.0,500.0,500.0,500.0,500.0,500.0,500.0,500.0
230,Passaic,0.0,0.0,0.0,0.0,0.0,0.0,0.0,0.0,100.0,100.0,200.0,200.0,200.0,200.0
231,Paterson,0.0,0.0,0.0,0.0,0.0,0.0,0.0,0.0,0.0,0.0,0.0,0.0,0.0,0.0
232,Paulsboro,0.0,0.0,0.0,0.0,0.0,100.0,0.0,100.0,100.0,0.0,0.0,0.0,0.0,0.0
234,Pemberton,200.0,100.0,200.0,300.0,400.0,200.0,0.0,100.0,200.0,400.0,300.0,100.0,100.0,200.0
235,Pennington,500.0,400.0,500.0,500.0,500.0,500.0,500.0,500.0,500.0,500.0,500.0,500.0,500.0,500.0
236,Penns Grove,0.0,0.0,0.0,0.0,0.0,0.0,0.0,0.0,200.0,0.0,100.0,0.0,0.0,0.0
237,Pennsauken,0.0,0.0,0.0,0.0,100.0,0.0,100.0,100.0,100.0,200.0,200.0,200.0,200.0,200.0
238,Pennsville,300.0,300.0,300.0,300.0,200.0,200.0,100.0,200.0,300.0,300.0,400.0,400.0,400.0,400.0
239,Perth Amboy,200.0,100.0,200.0,200.0,200.0,200.0,200.0,100.0,200.0,200.0,200.0,300.0,300.0,300.0
240,Phillipsburg,300.0,200.0,300.0,300.0,100.0,200.0,200.0,200.0,200.0,200.0,300.0,300.0,200.0,200.0
241,Pine Beach,400.0,400.0,400.0,400.0,500.0,400.0,200.0,400.0,500.0,500.0,500.0,500.0,500.0,400.0
243,Pitman,400.0,400.0,400.0,400.0,400.0,400.0,400.0,400.0,400.0,400.0,400.0,500.0,500.0,500.0
244,Plainfield,0.0,0.0,0.0,0.0,0.0,0.0,0.0,0.0,0.0,0.0,0.0,0.0,100.0,200.0
245,Pleasantville,0.0,0.0,0.0,0.0,0.0,0.0,0.0,0.0,100.0,0.0,0.0,100.0,100.0,100.0
246,Point Pleasant Beach,200.0,100.0,100.0,100.0,100.0,200.0,100.0,100.0,200.0,300.0,200.0,300.0,400.0,400.0
248,Pompton Lakes,400.0,500.0,400.0,500.0,400.0,400.0,400.0,400.0,400.0,500.0,400.0,500.0,400.0,400.0
249,Princeton,200.0,300.0,300.0,300.0,300.0,300.0,300.0,500.0,400.0,500.0,500.0,500.0,500.0,500.0
251,Rahway,200.0,200.0,200.0,200.0,200.0,300.0,200.0,300.0,300.0,400.0,300.0,400.0,400.0,400.0
252,Ramsey,500.0,400.0,400.0,400.0,500.0,500.0,400.0,400.0,400.0,400.0,500.0,500.0,500.0,500.0
253,Raritan,300.0,300.0,400.0,300.0,300.0,300.0,400.0,300.0,400.0,400.0,300.0,400.0,500.0,500.0
254,Red Bank,300.0,100.0,200.0,100.0,300.0,100.0,200.0,200.0,300.0,300.0,300.0,300.0,300.0,400.0
255,Ridgefield,500.0,400.0,400.0,500.0,500.0,500.0,500.0,500.0,500.0,500.0,500.0,500.0,500.0,500.0
256,Ridgefield Park,400.0,400.0,400.0,400.0,400.0,400.0,400.0,400.0,500.0,400.0,400.0,400.0,400.0,500.0
257,Ridgewood,500.0,500.0,500.0,500.0,500.0,500.0,500.0,500.0,500.0,500.0,500.0,500.0,500.0,500.0
258,Ringwood,500.0,500.0,500.0,500.0,500.0,500.0,500.0,500.0,500.0,500.0,500.0,500.0,500.0,500.0
259,River Edge,400.0,400.0,500.0,400.0,500.0,500.0,500.0,400.0,500.0,500.0,500.0,500.0,500.0,500.0
261,Riverdale,300.0,300.0,200.0,200.0,300.0,300.0,100.0,300.0,200.0,300.0,300.0,300.0,400.0,400.0
262,Riverton,300.0,500.0,400.0,300.0,200.0,300.0,300.0,400.0,200.0,500.0,400.0,400.0,400.0,400.0
264,Rochelle Park,400.0,400.0,400.0,400.0,500.0,400.0,400.0,400.0,500.0,400.0,400.0,400.0,400.0,400.0
265,Rockaway,400.0,400.0,500.0,500.0,500.0,400.0,500.0,400.0,400.0,500.0,500.0,400.0,400.0,500.0
267,Roseland,400.0,500.0,500.0,500.0,500.0,400.0,400.0,500.0,500.0,500.0,500.0,500.0,400.0,500.0
268,Roselle,200.0,200.0,200.0,100.0,200.0,200.0,200.0,200.0,200.0,300.0,300.0,300.0,300.0,400.0
269,Roselle Park,300.0,400.0,300.0,300.0,400.0,400.0,400.0,400.0,500.0,400.0,400.0,400.0,500.0,500.0
270,Rumson,500.0,400.0,500.0,500.0,500.0,500.0,400.0,400.0,500.0,500.0,500.0,500.0,500.0,500.0
271,Runnemede,200.0,100.0,100.0,100.0,200.0,100.0,100.0,200.0,300.0,100.0,200.0,100.0,300.0,300.0
272,Rutherford,400.0,400.0,400.0,400.0,400.0,400.0,400.0,400.0,400.0,400.0,400.0,400.0,400.0,400.0
273,Saddle Brook,300.0,300.0,300.0,300.0,300.0,300.0,300.0,400.0,400.0,300.0,400.0,400.0,400.0,500.0
274,Saddle River,500.0,500.0,500.0,500.0,500.0,500.0,500.0,500.0,400.0,500.0,400.0,500.0,500.0,500.0
275,Salem,0.0,0.0,0.0,0.0,0.0,0.0,0.0,0.0,0.0,0.0,0.0,0.0,0.0,0.0
276,Sayreville,300.0,300.0,300.0,300.0,400.0,400.0,400.0,400.0,400.0,400.0,400.0,400.0,500.0,500.0
277,Scotch Plains,400.0,400.0,400.0,400.0,400.0,500.0,400.0,400.0,500.0,400.0,500.0,500.0,500.0,500.0
279,Sea Girt,400.0,300.0,300.0,300.0,300.0,300.0,200.0,300.0,400.0,400.0,400.0,400.0,500.0,300.0
280,Sea Isle City,0.0,0.0,0.0,0.0,0.0,0.0,0.0,0.0,0.0,0.0,0.0,0.0,0.0,100.0
281,Seaside Heights,0.0,0.0,0.0,0.0,0.0,0.0,0.0,0.0,0.0,0.0,0.0,0.0,0.0,0.0
282,Seaside Park,200.0,200.0,300.0,200.0,300.0,200.0,0.0,0.0,300.0,200.0,300.0,400.0,200.0,400.0
283,Secaucus,200.0,100.0,200.0,200.0,200.0,200.0,300.0,300.0,300.0,300.0,300.0,300.0,300.0,300.0
285,Shrewsbury,300.0,300.0,400.0,300.0,300.0,300.0,200.0,300.0,400.0,400.0,400.0,400.0,400.0,400.0
286,Somerdale,200.0,100.0,200.0,100.0,200.0,200.0,0.0,0.0,0.0,0.0,0.0,100.0,100.0,200.0
287,Somers Point,200.0,200.0,200.0,100.0,200.0,100.0,100.0,200.0,200.0,200.0,300.0,200.0,300.0,300.0
288,Somerville,300.0,300.0,300.0,300.0,400.0,400.0,300.0,300.0,400.0,300.0,400.0,300.0,400.0,400.0
289,South Amboy,300.0,300.0,300.0,300.0,400.0,400.0,400.0,300.0,400.0,400.0,400.0,400.0,500.0,400.0
290,South Bound Brook,500.0,500.0,500.0,500.0,500.0,500.0,400.0,500.0,500.0,500.0,500.0,400.0,500.0,400.0
291,South Orange,0.0,200.0,200.0,200.0,200.0,200.0,200.0,200.0,300.0,400.0,300.0,300.0,300.0,400.0
292,South Plainfield,300.0,300.0,300.0,300.0,400.0,300.0,400.0,400.0,400.0,400.0,400.0,400.0,400.0,400.0
293,South River,400.0,400.0,400.0,300.0,300.0,400.0,400.0,400.0,400.0,400.0,400.0,500.0,400.0,400.0
295,Spotswood,400.0,400.0,400.0,400.0,400.0,400.0,400.0,400.0,500.0,500.0,500.0,500.0,500.0,500.0
296,Spring Lake,400.0,400.0,300.0,300.0,400.0,300.0,300.0,400.0,400.0,400.0,400.0,400.0,400.0,400.0
298,Springfield,400.0,400.0,400.0,400.0,400.0,400.0,400.0,400.0,400.0,500.0,400.0,400.0,500.0,500.0
299,Stanhope,400.0,300.0,400.0,300.0,400.0,400.0,500.0,400.0,500.0,400.0,400.0,300.0,400.0,500.0
300,Stone Harbor,0.0,0.0,0.0,0.0,0.0,0.0,0.0,0.0,0.0,0.0,0.0,0.0,0.0,0.0
301,Stratford,300.0,200.0,200.0,200.0,300.0,300.0,200.0,300.0,400.0,300.0,400.0,300.0,400.0,400.0
302,Summit,400.0,400.0,400.0,400.0,400.0,400.0,400.0,500.0,500.0,500.0,500.0,500.0,500.0,500.0
304,Swedesboro,300.0,200.0,200.0,200.0,500.0,500.0,400.0,400.0,400.0,400.0,400.0,300.0,500.0,500.0
305,Teaneck,300.0,400.0,400.0,300.0,400.0,300.0,400.0,400.0,400.0,400.0,400.0,400.0,400.0,400.0
306,Tenafly,500.0,500.0,500.0,400.0,500.0,500.0,500.0,500.0,500.0,500.0,500.0,500.0,500.0,500.0
308,Toms River,500.0,300.0,300.0,300.0,300.0,300.0,200.0,300.0,300.0,300.0,300.0,400.0,400.0,400.0
309,Totowa,300.0,300.0,300.0,200.0,300.0,300.0,200.0,200.0,200.0,300.0,300.0,300.0,300.0,300.0
310,Trenton,0.0,0.0,0.0,0.0,0.0,0.0,0.0,0.0,0.0,0.0,0.0,0.0,0.0,0.0
311,Tuckerton,300.0,400.0,400.0,400.0,400.0,300.0,300.0,500.0,400.0,400.0,500.0,400.0,400.0,400.0
313,Union City,100.0,100.0,100.0,100.0,200.0,200.0,200.0,200.0,300.0,300.0,300.0,300.0,300.0,300.0
314,Union,200.0,200.0,200.0,200.0,300.0,300.0,300.0,300.0,300.0,300.0,400.0,400.0,400.0,400.0
316,Ventnor City,300.0,300.0,200.0,200.0,200.0,200.0,200.0,200.0,200.0,200.0,200.0,100.0,300.0,200.0
317,Verona,400.0,400.0,400.0,400.0,400.0,500.0,400.0,400.0,500.0,500.0,500.0,500.0,500.0,500.0
318,Vineland,0.0,0.0,0.0,0.0,0.0,100.0,500.0,100.0,100.0,100.0,0.0,0.0,0.0,100.0
319,Voorhees,300.0,200.0,200.0,300.0,300.0,300.0,300.0,300.0,400.0,500.0,300.0,300.0,300.0,400.0
320,Waldwick,500.0,500.0,500.0,400.0,500.0,500.0,500.0,500.0,500.0,500.0,500.0,500.0,500.0,500.0
321,Wallington,400.0,400.0,400.0,400.0,400.0,400.0,400.0,400.0,400.0,400.0,400.0,400.0,400.0,500.0
322,Wanaque,400.0,400.0,400.0,500.0,500.0,500.0,500.0,500.0,500.0,400.0,500.0,500.0,500.0,500.0
323,Washington,400.0,300.0,200.0,300.0,500.0,400.0,400.0,500.0,500.0,300.0,400.0,400.0,400.0,500.0
325,Watchung,0.0,100.0,200.0,200.0,200.0,200.0,0.0,100.0,100.0,100.0,100.0,100.0,100.0,100.0
326,Wayne,300.0,300.0,300.0,300.0,300.0,300.0,400.0,400.0,400.0,400.0,400.0,400.0,400.0,400.0
327,Wenonah,500.0,500.0,500.0,400.0,500.0,400.0,500.0,400.0,400.0,500.0,400.0,500.0,500.0,400.0
330,West Long Branch,200.0,200.0,300.0,300.0,300.0,300.0,300.0,300.0,300.0,400.0,400.0,400.0,400.0,400.0
331,West Milford,400.0,400.0,400.0,400.0,400.0,400.0,400.0,400.0,400.0,400.0,400.0,400.0,400.0,500.0
332,West New York,200.0,200.0,200.0,200.0,200.0,200.0,300.0,300.0,300.0,300.0,300.0,300.0,400.0,300.0
333,West Orange,200.0,300.0,300.0,300.0,300.0,300.0,300.0,400.0,400.0,300.0,300.0,300.0,300.0,300.0
336,Westfield,400.0,400.0,400.0,500.0,500.0,500.0,500.0,500.0,500.0,500.0,500.0,500.0,500.0,500.0
337,Westville,200.0,200.0,100.0,0.0,100.0,0.0,0.0,0.0,100.0,100.0,300.0,300.0,100.0,300.0
338,Westwood,400.0,400.0,400.0,500.0,500.0,500.0,500.0,500.0,500.0,500.0,500.0,500.0,500.0,500.0
339,Wharton,400.0,400.0,400.0,300.0,400.0,300.0,300.0,400.0,400.0,400.0,400.0,400.0,500.0,500.0
341,Wildwood,0.0,0.0,0.0,0.0,0.0,0.0,0.0,0.0,0.0,0.0,0.0,0.0,0.0,0.0
342,Wood Ridge,500.0,500.0,400.0,500.0,500.0,400.0,400.0,500.0,500.0,500.0,500.0,500.0,500.0,500.0
343,Woodbine,500.0,500.0,500.0,500.0,500.0,500.0,500.0,500.0,500.0,500.0,500.0,500.0,500.0,500.0
344,Woodbridge,200.0,200.0,200.0,200.0,300.0,300.0,300.0,300.0,300.0,400.0,400.0,400.0,400.0,400.0
345,Woodbury,0.0,0.0,0.0,0.0,0.0,0.0,100.0,0.0,0.0,0.0,0.0,100.0,0.0,0.0
346,Woodbury Heights,200.0,200.0,300.0,100.0,200.0,200.0,200.0,200.0,300.0,300.0,300.0,300.0,300.0,400.0
347,Woodcliff Lake,500.0,500.0,500.0,500.0,500.0,500.0,500.0,500.0,400.0,500.0,500.0,500.0,500.0,500.0
350,Woodstown,400.0,400.0,200.0,300.0,400.0,400.0,300.0,400.0,300.0,300.0,300.0,400.0,400.0,400.0
351,Wyckoff,500.0,500.0,500.0,500.0,500.0,500.0,500.0,500.0,500.0,500.0,500.0,500.0,500.0,500.0
